median_HHI_2019,bach_deg_pct_14to18,pop_density_per_mile,change_in_pop_decade,perc_female,perc_hispanic,brewery_per_1M_people,unemployment_rate,perc_age_25_39,LargestList,BestList
59871,31.3,140.4178178,18.35%,51.50%,4.70%,13.43881308,2.7,17.30%,FALSE,FALSE
54127,32.4,592.627754,0.02%,52.70%,4.10%,13.66591099,2.9,21.24%,FALSE,FALSE
68609,41.7,465.2099008,10.22%,51.10%,5.20%,26.81619376,2.5,20.63%,FALSE,FALSE
49492,22.9,336.0974757,0.05%,52.50%,3.00%,9.680307834,3.7,20.26%,FALSE,FALSE
52307,30.3,158.3916838,7.02%,51.90%,4.00%,14.32972702,2.7,21.05%,FALSE,FALSE
82512,35.3,168.9463672,-1.33%,49.10%,9.40%,41.66666667,5.1,24.82%,FALSE,FALSE
74076,32.6,13.19790701,-0.76%,46.20%,8.20%,30.97605551,5.4,25.76%,FALSE,FALSE
85419,39.5,11.83375889,2.19%,49.10%,7.00%,93.82623381,4.4,22.76%,FALSE,FALSE
68625,23.3,3.652055438,5.63%,47.80%,4.30%,51.10036111,6.8,19.02%,FALSE,FALSE
48650,23,20.42301835,-4.31%,49.40%,35.70%,23.82427217,5.7,18.53%,FALSE,FALSE
58301,35.6,7.705939427,6.31%,50.70%,14.30%,62.72826117,5.5,19.96%,FALSE,FALSE
68634,32,487.537422,14.90%,50.60%,31.40%,12.48491221,4,21.45%,FALSE,FALSE
49712,12.9,15.94017437,5.65%,49.40%,16.90%,28.277744,5.7,14.99%,FALSE,FALSE
56150,31.9,113.9953082,6.40%,50.80%,37.80%,18.14225245,4.4,18.94%,FALSE,FALSE
54242,25.2,28.94060798,10.24%,51.10%,14.70%,29.77469066,4.4,13.61%,FALSE,FALSE
41950,18.3,75.65088592,1.00%,51.50%,2.60%,71.54440523,4,14.35%,FALSE,FALSE
70775,32.4,329.425496,20.71%,50.30%,17.10%,32.24177029,2.6,22.53%,FALSE,FALSE
45786,20.2,146.6343849,3.38%,51.90%,5.90%,30.18533798,3.7,16.99%,FALSE,FALSE
52684,34.1,515.8332269,2.34%,52.30%,6.20%,28.06759698,3.4,21.47%,FALSE,FALSE
52158,32.8,253.9231777,15.10%,50.00%,17.10%,41.80829226,2.4,22.22%,FALSE,FALSE
107589,46,2261.556906,9.64%,50.70%,22.30%,23.33472344,2.9,24.92%,FALSE,FALSE
58394,26.5,133.9387851,-0.37%,50.50%,17.20%,31.9363463,5.1,19.14%,FALSE,FALSE
106555,41.7,1611.211601,9.06%,51.10%,26.00%,12.13670086,3.1,19.59%,FALSE,FALSE
86202,33.7,112.9134724,6.11%,50.10%,13.20%,88.15461282,3.5,16.02%,FALSE,FALSE
56926,20.7,167.6909213,6.87%,50.10%,53.80%,13.01169752,7.2,22.23%,FALSE,FALSE
51134,29.8,37.99285143,0.69%,50.40%,12.10%,81.14607769,3.6,20.10%,FALSE,FALSE
53245,16.1,110.6998646,6.73%,48.80%,54.60%,6.665170706,7.7,22.51%,FALSE,FALSE
46897,15.8,51.24380802,-0.43%,50.00%,22.00%,46.59398006,5,16.96%,FALSE,FALSE
72721,31.8,2473.975846,2.20%,50.70%,48.60%,12.25208577,4.4,23.48%,FALSE,FALSE
61105,14.5,73.61811902,4.11%,51.80%,58.80%,25.42475227,6.9,20.56%,FALSE,FALSE
112069,58.8,497.4495777,2.48%,51.10%,16.30%,34.77239535,2.3,14.11%,FALSE,FALSE
52309,24.7,24.74059155,-1.26%,50.40%,25.80%,57.63755202,4,17.41%,FALSE,FALSE
76509,24.5,132.3116691,4.38%,49.10%,59.40%,9.215294624,6.2,21.16%,FALSE,FALSE
90230,34.9,184.0606551,0.91%,50.20%,34.60%,87.11813219,2.8,18.76%,FALSE,FALSE
69550,36.6,104.1531805,0.99%,50.90%,9.80%,30.07368052,3.3,15.41%,FALSE,FALSE
95761,39.9,4016.975137,5.21%,50.70%,34.00%,17.31905991,2.8,21.12%,FALSE,FALSE
97688,38.6,283.1033774,12.53%,51.20%,14.40%,32.6363383,3.1,17.62%,FALSE,FALSE
72905,21.8,342.8228483,11.37%,50.10%,50.00%,13.3573712,4.2,20.76%,FALSE,FALSE
71891,30.4,1608.943818,8.59%,51.10%,23.60%,19.97348037,3.7,23.08%,FALSE,FALSE
67398,20.3,108.6948068,6.65%,50.20%,54.40%,11.46744278,3.8,22.30%,FALSE,FALSE
83576,38.1,793.5877413,7.28%,49.70%,34.10%,47.62860472,3.2,23.73%,FALSE,FALSE
121795,57.1,18807.18111,8.66%,49.00%,15.20%,41.97157503,2.2,32.56%,FALSE,FALSE
68458,18.4,547.786925,10.08%,50.10%,42.00%,10.49664894,5.9,20.98%,FALSE,FALSE
76599,34.6,85.82848249,4.76%,49.40%,22.90%,84.77240376,2.9,17.41%,FALSE,FALSE
135234,49.9,1709.543541,6.28%,50.50%,24.00%,15.65408643,2,22.63%,FALSE,FALSE
74530,33.8,163.2486742,5.06%,50.00%,46.00%,49.27222681,3.7,19.56%,FALSE,FALSE
132444,51.3,1494.343074,7.58%,49.30%,25.00%,14.00522447,2.5,23.98%,FALSE,FALSE
85770,40,613.7273401,3.96%,50.50%,34.00%,43.92177532,4.7,18.02%,FALSE,FALSE
61464,22.2,47.69823187,1.59%,50.90%,10.50%,16.65926255,4.7,19.08%,FALSE,FALSE
45954,22.5,6.935295267,-3.13%,50.30%,13.20%,91.8716553,6.5,16.00%,FALSE,FALSE
85704,26.2,544.7335917,7.66%,50.20%,27.30%,22.33923015,3.7,21.60%,FALSE,FALSE
87084,34.9,313.6950304,2.12%,51.20%,27.30%,64.73329881,2.7,19.31%,FALSE,FALSE
62761,16.9,368.3770764,6.58%,50.40%,47.60%,5.448007845,6,21.34%,FALSE,FALSE
56776,14.3,96.63644759,5.15%,50.00%,65.60%,6.435075451,9.6,21.03%,FALSE,FALSE
91446,33.1,459.0043149,2.68%,50.50%,43.20%,17.73037071,3.6,19.90%,FALSE,FALSE
70951,41.6,217.3079633,8.91%,51.50%,31.90%,40.81632653,4.1,19.89%,FALSE,FALSE
75341,23.6,443.1290803,14.65%,49.40%,40.80%,19.32662184,2.9,24.41%,FALSE,FALSE
38213,26.1,22.46337403,4.85%,50.10%,47.60%,184.808723,3.6,20.35%,FALSE,FALSE
82364,42.2,822.6913921,12.88%,50.40%,19.80%,30.46040908,2.7,23.49%,FALSE,FALSE
88341,60.8,449.1270004,9.70%,49.60%,14.00%,122.6256606,2.4,20.50%,FALSE,FALSE
106892,55.5,2133.105285,20.69%,50.30%,12.70%,70.9572128,2.4,23.02%,FALSE,FALSE
60331,33.5,20.08677693,12.51%,47.00%,10.00%,147.3766948,2.4,19.14%,FALSE,FALSE
79900,46.5,24.54285765,6.31%,47.10%,7.60%,309.2783505,2.5,18.08%,FALSE,FALSE
51525,21.2,27.28602075,0.67%,49.70%,15.30%,96.27109942,3.3,15.32%,FALSE,FALSE
75456,47.9,4753.013072,17.47%,49.90%,29.30%,99.00840334,2.7,32.79%,FALSE,FALSE
123697,57.9,417.9170911,18.71%,50.00%,9.10%,31.32528748,2.4,18.69%,FALSE,FALSE
89268,48.1,32.72544864,5.31%,47.20%,29.70%,54.41979429,2.2,23.72%,FALSE,FALSE
72675,37.9,338.7260961,13.62%,49.50%,17.70%,36.09091023,3.3,23.18%,FALSE,FALSE
73788,30,20.37649407,6.11%,48.90%,29.30%,49.94921829,2.7,21.15%,FALSE,FALSE
71029,37.8,8.521770214,5.66%,46.50%,9.60%,190.6698869,2.1,20.80%,FALSE,FALSE
60408,55.3,5.391003674,12.24%,45.90%,9.60%,171.8016264,2.1,21.79%,FALSE,FALSE
89696,44.1,762.725593,8.29%,50.10%,15.60%,51.46848156,2.5,22.72%,FALSE,FALSE
77829,43.9,33.22600968,8.69%,49.60%,12.80%,106.7216876,2.5,20.60%,FALSE,FALSE
75332,46.3,137.4802485,16.05%,50.20%,11.90%,89.66122068,2.4,21.49%,FALSE,FALSE
60249,27.4,46.32358198,4.86%,50.50%,14.80%,38.90798262,3.4,19.70%,FALSE,FALSE
52641,28.6,12.90103556,2.47%,50.70%,12.60%,190.9636023,4.2,16.95%,FALSE,FALSE
50707,23.9,19.08247218,3.47%,50.80%,20.90%,93.54974508,3.1,16.34%,FALSE,FALSE
72836,48.6,9.143397348,10.42%,49.30%,6.50%,807.7544426,2.9,13.83%,FALSE,FALSE
51075,22,70.58535588,5.56%,50.70%,43.20%,23.74958438,4.1,19.54%,FALSE,FALSE
87691,50.4,10.85424123,8.30%,48.10%,6.90%,117.0138076,2.2,22.01%,FALSE,FALSE
86570,51,50.97491937,9.73%,45.30%,14.60%,225.7263552,1.8,28.15%,FALSE,FALSE
70599,34,45.57539202,8.03%,49.30%,7.10%,157.5547503,3.1,14.88%,FALSE,FALSE
78160,26.7,81.38265135,22.09%,49.40%,30.00%,40.06262096,2.5,22.94%,FALSE,FALSE
96966,47.4,1509.596889,2.81%,51.30%,20.50%,16.96115472,3.6,17.69%,FALSE,FALSE
75336,37.8,1213.064398,-0.26%,51.40%,18.80%,21.30713677,3.9,19.93%,FALSE,FALSE
81015,35.1,195.8948901,-5.32%,50.50%,7.10%,38.8170773,3.5,16.14%,FALSE,FALSE
81721,41.5,439.8471707,-1.99%,51.30%,6.60%,30.78135389,3.2,17.42%,FALSE,FALSE
69687,34.9,1413.97604,-0.90%,51.80%,19.10%,22.22853981,3.9,19.63%,FALSE,FALSE
75226,33.3,398.8791929,-3.34%,49.80%,11.10%,37.70653756,3.6,19.08%,FALSE,FALSE
63309,24.1,227.6851689,-1.41%,50.40%,12.40%,34.25185388,4,19.04%,FALSE,FALSE
58804,23.6,308.414324,10.22%,51.80%,7.40%,22.12560707,4.2,19.80%,FALSE,FALSE
76076,35.9,1310.746776,3.63%,51.60%,10.40%,16.10729607,3.7,21.05%,FALSE,FALSE
64839,26.5,250.2192657,15.83%,51.60%,9.30%,46.9633899,3.8,14.95%,FALSE,FALSE
90395,57.6,11560.5589,14.74%,52.60%,11.30%,24.08788394,5.5,32.36%,FALSE,FALSE
49880,42.5,307.4706864,8.07%,51.80%,10.50%,22.30126783,2.9,21.58%,FALSE,FALSE
58376,22.8,230.3420488,3.35%,50.40%,6.70%,17.1718039,3.9,19.85%,FALSE,FALSE
57582,29.3,592.6585958,9.73%,51.10%,10.90%,19.93547551,3.2,16.91%,FALSE,FALSE
61429,31.9,1614.152928,10.48%,51.30%,31.10%,7.169273722,3,20.28%,FALSE,FALSE
76415,36.2,192.6124092,16.47%,50.70%,28.60%,10.39225569,3.1,14.35%,FALSE,FALSE
58339,29.2,1256.579707,9.76%,51.50%,10.50%,20.88216715,3.3,23.55%,FALSE,FALSE
52822,26.4,484.8970464,6.50%,50.60%,5.90%,15.70766157,3.2,20.84%,FALSE,FALSE
61133,32.7,1442.803177,16.49%,51.10%,29.70%,11.54916411,3.1,22.54%,FALSE,FALSE
61173,28.3,318.0192972,13.69%,52.00%,12.70%,18.75902778,3.8,13.74%,FALSE,FALSE
57660,22.7,391.2248863,19.09%,51.60%,16.70%,10.89567932,3.2,16.61%,FALSE,FALSE
62364,27.8,982.2361134,19.70%,51.00%,22.50%,10.38183076,3.1,16.21%,FALSE,FALSE
55081,45.7,440.2506103,6.16%,52.70%,6.70%,17.03101689,3.1,20.42%,FALSE,FALSE
64151,29.3,542.7866114,19.94%,51.70%,16.90%,14.87899656,3.1,15.73%,FALSE,FALSE
54991,28.8,1431.689462,8.12%,51.40%,69.40%,6.625100297,2.4,20.90%,FALSE,FALSE
67528,33.3,75.49004253,1.53%,48.20%,25.30%,67.36002587,2.1,18.39%,FALSE,FALSE
72818,28.2,136.6322407,17.28%,50.90%,4.70%,45.13399154,2.9,17.24%,FALSE,FALSE
63520,30.6,226.539833,14.20%,49.30%,9.70%,18.98091469,2.7,22.77%,FALSE,FALSE
63133,33.8,1542.403443,17.76%,50.90%,32.70%,13.63520236,2.9,24.28%,FALSE,FALSE
66621,35.7,759.8731421,11.80%,51.50%,23.40%,10.0215798,3.3,17.70%,FALSE,FALSE
55745,23.4,741.6754364,16.11%,51.40%,16.50%,10.83136112,3.5,17.41%,FALSE,FALSE
56708,31,3560.991822,6.00%,52.00%,10.20%,37.94887364,3,17.87%,FALSE,FALSE
51817,20,403.1383268,16.93%,51.00%,24.60%,5.518938929,3.7,19.42%,FALSE,FALSE
90839,43.7,440.6389691,28.20%,51.30%,7.50%,18.89130698,2.6,16.00%,FALSE,FALSE
57292,20.3,574.0200655,15.38%,51.20%,19.90%,9.138067055,3.9,17.01%,FALSE,FALSE
66258,34.7,780.2967611,12.52%,52.40%,9.60%,13.83310816,3.1,12.59%,FALSE,FALSE
69954,38.2,1525.853677,10.41%,51.60%,22.50%,14.83597767,2.9,21.90%,FALSE,FALSE
53554,23.6,502.514005,10.61%,51.20%,15.00%,9.036950282,3.4,17.16%,FALSE,FALSE
57122,33.2,678.7169031,8.40%,52.00%,6.70%,20.73040113,3.3,23.01%,FALSE,FALSE
41036,42.7,1076.602349,9.05%,52.60%,11.00%,31.16939789,3.6,22.65%,FALSE,FALSE
79622,46.5,2238.678365,9.48%,51.50%,13.30%,13.15545405,3,21.95%,FALSE,FALSE
63606,43.4,2837.623607,8.88%,52.80%,8.50%,9.219053941,3.4,24.40%,FALSE,FALSE
47980,21.3,67.71772044,9.57%,51.50%,2.60%,114.5562853,3.3,13.30%,FALSE,FALSE
79235,51.4,2020.255015,13.47%,51.60%,7.20%,23.49763191,3.5,24.69%,FALSE,FALSE
72225,36.1,2175.387968,13.98%,51.20%,21.70%,6.408544726,3,20.36%,FALSE,FALSE
86946,34.3,1622.262765,2.19%,49.80%,10.00%,12.31321115,2.6,22.01%,FALSE,FALSE
77375,26.6,144.1360079,7.52%,50.40%,11.60%,17.91932719,2.6,19.41%,FALSE,FALSE
72295,37.8,457.5318077,18.53%,49.90%,8.50%,37.3764242,2.5,21.73%,FALSE,FALSE
75778,38.2,8.708247055,7.15%,49.80%,23.50%,173.7543982,2.6,16.68%,FALSE,FALSE
62764,24.9,133.1835627,16.42%,50.50%,4.90%,36.2106737,3.6,19.24%,FALSE,FALSE
54999,45.1,37.27523151,7.14%,49.20%,4.50%,74.79804528,2.7,20.11%,FALSE,FALSE
64041,30.1,3.108733352,13.43%,48.10%,4.70%,263.3426966,3.9,16.01%,FALSE,FALSE
53485,44.4,210.4749133,4.11%,50.30%,6.30%,23.84483688,3.8,20.13%,FALSE,FALSE
69375,38,5448.102559,-0.86%,51.40%,25.60%,16.50410768,3.8,23.54%,FALSE,FALSE
96354,48.8,2818.087994,0.65%,50.80%,14.60%,22.7538435,2.9,19.35%,FALSE,FALSE
84311,33.1,1023.737737,3.22%,50.20%,32.40%,16.90448777,4.4,18.61%,FALSE,FALSE
92638,45,1569.939369,-0.99%,50.00%,22.40%,24.40652659,4.1,17.45%,FALSE,FALSE
89379,33.7,510.2599429,-0.32%,50.20%,13.90%,19.49482412,3.3,17.84%,FALSE,FALSE
69230,44.8,144.9384727,1.13%,51.50%,5.20%,23.32130343,3.8,19.06%,FALSE,FALSE
66591,25.8,367.4854873,-2.40%,51.30%,3.40%,11.40831895,3.9,19.72%,FALSE,FALSE
57717,30.4,289.3675641,-4.08%,51.50%,5.10%,16.7430335,5.1,19.88%,FALSE,FALSE
57772,23.2,331.7751546,-3.99%,50.70%,13.20%,35.24129716,4.9,18.62%,FALSE,FALSE
57726,27.3,394.804176,-3.99%,51.80%,4.30%,11.5524133,4.5,19.84%,FALSE,FALSE
61768,34.2,224.1984932,-1.43%,52.00%,2.40%,25.68422783,4,18.96%,FALSE,FALSE
51786,19.3,78.82406917,-7.22%,51.40%,4.30%,67.41876039,4.4,15.84%,FALSE,FALSE
90249,34,825.3511736,1.91%,50.40%,18.20%,17.37259733,3.8,18.58%,FALSE,FALSE
59510,22.6,550.4341965,-4.49%,51.20%,13.50%,21.23352632,5.7,18.67%,FALSE,FALSE
56838,28.2,577.0491155,6.32%,51.10%,7.70%,21.09153992,3.1,20.57%,FALSE,FALSE
63869,22.2,100.0212981,1.98%,49.80%,8.70%,70.19842756,2.4,16.94%,FALSE,FALSE
55782,19.2,445.4973336,4.26%,50.60%,16.80%,19.38538633,3.1,19.01%,FALSE,FALSE
64614,29.5,530.78717,5.02%,51.50%,3.50%,50.94113752,3.2,19.59%,FALSE,FALSE
107710,57.8,857.3149668,18.77%,51.20%,4.30%,38.4602868,2.5,19.60%,FALSE,FALSE
85827,36.3,418.5460703,14.60%,50.00%,4.30%,23.48644539,2.7,20.03%,FALSE,FALSE
74427,31.8,493.6132099,11.70%,50.70%,3.80%,25.28972542,2.7,20.50%,FALSE,FALSE
57280,22.1,973.0079104,-2.17%,51.60%,19.60%,24.71714319,4.9,18.88%,FALSE,FALSE
56427,17.9,183.6673636,-1.44%,48.50%,6.90%,36.40069889,4.3,19.65%,FALSE,FALSE
50707,30.4,2433.981499,6.34%,51.80%,10.90%,29.02811788,3.3,23.95%,FALSE,FALSE
53113,45.6,376.2423671,7.05%,50.30%,3.60%,53.89709697,3.3,20.16%,FALSE,FALSE
74064,28.2,407.4800372,3.55%,50.50%,10.40%,23.47569385,3.7,18.93%,FALSE,FALSE
53881,29.2,593.7009938,1.80%,51.30%,9.10%,22.07294372,3.6,19.72%,FALSE,FALSE
51228,37.7,391.615947,11.73%,48.90%,8.70%,20.43610651,2.9,19.85%,FALSE,FALSE
60010,28.6,231.9462537,0.11%,50.80%,4.60%,30.48129972,3.2,19.19%,FALSE,FALSE
54589,22.7,74.69475448,-4.01%,51.00%,5.10%,70.67137809,2.7,16.97%,FALSE,FALSE
62481,30.5,159.9707384,3.76%,50.70%,2.60%,41.10532211,2.6,18.82%,FALSE,FALSE
67295,53,246.1403166,13.40%,50.40%,5.80%,33.08191081,2,21.85%,FALSE,FALSE
64783,33,316.239817,6.83%,50.70%,3.40%,35.28799414,2.9,20.42%,FALSE,FALSE
67331,36.1,854.2441116,12.14%,50.70%,8.70%,26.52189791,2.8,22.79%,FALSE,FALSE
65724,31.9,377.5314404,4.46%,50.90%,7.00%,34.69351174,3.3,20.05%,FALSE,FALSE
64151,51.1,169.5425074,7.80%,47.80%,3.70%,41.18743371,1.9,18.50%,FALSE,FALSE
62559,50.4,268.187711,9.35%,50.20%,6.50%,32.71742776,2.9,20.81%,FALSE,FALSE
91913,55.3,1272.566147,9.66%,50.90%,7.90%,6.640095219,2.8,21.16%,FALSE,FALSE
51996,46,121.7375047,4.20%,47.00%,8.40%,40.4138377,2.8,22.99%,FALSE,FALSE
60014,30.9,517.3291148,3.43%,50.60%,15.00%,19.37826766,3.5,20.96%,FALSE,FALSE
59451,30.8,325.128305,-0.60%,51.60%,12.80%,22.61484099,3.3,18.75%,FALSE,FALSE
66520,33.5,618.5000132,3.47%,50.90%,2.20%,53.4279364,3.5,21.40%,FALSE,FALSE
58981,42.9,1139.267193,8.46%,51.10%,7.40%,34.03970887,3.3,22.16%,FALSE,FALSE
59025,32.7,2015.575055,3.35%,51.70%,5.90%,26.08388316,4,21.45%,FALSE,FALSE
56303,34.7,966.3683039,-0.03%,52.30%,4.40%,6.817267685,4.4,21.12%,FALSE,FALSE
60053,32.1,909.4596606,9.33%,51.40%,4.60%,12.27546135,4.3,23.37%,FALSE,FALSE
45092,36.8,2302.780614,11.87%,52.80%,5.50%,33.32103018,4.9,25.25%,FALSE,FALSE
71526,33.5,307.9873361,10.24%,51.40%,5.90%,11.51989678,4.2,18.05%,FALSE,FALSE
58958,22.2,231.3972051,0.53%,51.00%,1.90%,46.17785864,3,18.60%,FALSE,FALSE
75254,46.7,353.1950659,4.52%,51.60%,2.20%,115.2530652,2.4,20.39%,FALSE,FALSE
58926,32.3,34.65072944,1.03%,51.50%,1.60%,127.302817,3.5,16.49%,FALSE,FALSE
55358,27.1,140.9782323,0.12%,51.30%,1.70%,49.05888702,2.9,17.63%,FALSE,FALSE
55910,31,108.9243949,0.09%,50.40%,1.60%,150.8599014,2.9,16.10%,FALSE,FALSE
58619,32.7,75.98208057,0.51%,51.00%,1.30%,115.4934457,3,14.94%,FALSE,FALSE
50344,19,27.91500549,0.24%,50.60%,1.50%,51.74644243,3.6,16.20%,FALSE,FALSE
50702,27.1,44.784159,-1.17%,50.40%,1.50%,78.87057339,3.2,19.06%,FALSE,FALSE
45333,16.5,12.86412226,-3.45%,50.30%,1.20%,59.42476824,4.5,16.44%,FALSE,FALSE
51073,29.6,54.41022142,2.34%,50.60%,1.60%,151.0764195,3.2,16.41%,FALSE,FALSE
66803,31.4,209.5874385,5.06%,51.20%,1.80%,48.16004546,2.7,18.35%,FALSE,FALSE
100916,40.9,1396.074254,7.18%,50.50%,8.40%,8.632089967,3.1,21.35%,FALSE,FALSE
76972,38.6,1382.863504,2.70%,52.70%,5.80%,10.87784184,3.7,20.11%,FALSE,FALSE
111056,31.1,434.0799054,4.09%,50.40%,4.40%,43.23155904,3.2,18.11%,FALSE,FALSE
101810,35.6,376.3379841,0.78%,50.50%,3.90%,17.80975618,2.9,17.82%,FALSE,FALSE
102951,40.6,393.1213942,10.08%,50.70%,10.50%,42.38153398,3.2,19.70%,FALSE,FALSE
91492,35.8,584.4141582,4.16%,51.00%,4.80%,11.74439499,3.3,19.17%,FALSE,FALSE
121329,61.4,1298.910031,11.85%,51.10%,7.30%,12.28161749,2.7,19.42%,FALSE,FALSE
110012,59,2138.787674,7.51%,51.60%,20.10%,10.46933057,2.9,19.56%,FALSE,FALSE
85357,32.7,1883.869805,5.05%,51.90%,19.50%,5.498572021,3.8,21.50%,FALSE,FALSE
101350,34.9,135.4662981,5.13%,50.40%,4.30%,79.39501002,3.1,16.21%,FALSE,FALSE
54351,26.8,276.7009219,4.71%,52.70%,5.50%,38.60668475,4.6,17.93%,FALSE,FALSE
65821,30.4,111.6338267,1.57%,51.50%,3.70%,57.38771138,7.4,15.27%,FALSE,FALSE
49780,31.2,7332.106147,-4.63%,53.10%,5.70%,26.9591737,5.1,26.30%,FALSE,FALSE
82686,42.8,540.9640788,-1.36%,52.20%,3.40%,28.17033664,3.9,13.53%,FALSE,FALSE
58805,33.4,134.8086208,-5.02%,51.70%,5.10%,48.02151364,3.5,16.36%,FALSE,FALSE
69857,28,1021.914821,3.00%,51.60%,8.60%,14.15385595,3.7,19.21%,FALSE,FALSE
83253,39.4,1601.89458,5.81%,51.80%,22.20%,22.81270516,3,18.70%,FALSE,FALSE
60143,37.2,100.3547737,-1.70%,51.30%,4.20%,113.9925905,2.7,18.00%,FALSE,FALSE
59918,27.2,755.698869,0.62%,51.70%,26.30%,19.29789953,4.1,19.64%,FALSE,FALSE
74142,46.5,305.0326692,1.71%,53.40%,5.90%,93.26618168,2.7,15.67%,FALSE,FALSE
106543,55.2,1970.733061,6.74%,51.00%,8.30%,18.61389751,2.3,22.57%,FALSE,FALSE
106851,53,1784.31224,5.08%,51.90%,5.00%,14.14877436,2.5,19.56%,FALSE,FALSE
90584,36.7,790.8083299,5.04%,51.40%,4.20%,23.0237029,3,16.98%,FALSE,FALSE
75843,44.8,13823.76105,10.19%,51.70%,23.30%,17.41494974,2.6,30.82%,FALSE,FALSE
77795,35.9,549.8004329,3.86%,50.70%,12.20%,27.69009248,3.1,19.36%,TRUE,TRUE
66568,22.7,143.0884201,5.65%,50.00%,7.50%,59.28134077,3.1,18.29%,FALSE,FALSE
50659,27.7,270.1925329,-2.22%,51.10%,5.80%,104.3017973,4,17.66%,FALSE,FALSE
50205,21.2,189.9642186,-1.48%,51.00%,5.50%,44.7230525,4.1,18.49%,FALSE,FALSE
58831,31,62.79258008,0.74%,50.50%,2.20%,114.7534713,4.6,15.48%,FALSE,FALSE
49610,21,23.96593986,-3.14%,44.60%,2.00%,80.3234357,6.3,19.90%,FALSE,FALSE
49114,18.8,25.21931401,-0.32%,48.90%,2.20%,285.1236724,5.6,14.75%,FALSE,FALSE
65891,26.8,191.7120876,2.28%,50.90%,5.70%,45.34407081,3.4,19.23%,FALSE,FALSE
59456,33.7,71.47685318,2.16%,50.60%,1.80%,149.6333982,5.4,16.71%,FALSE,FALSE
50554,20.9,637.0920771,-4.92%,51.80%,3.60%,14.78513503,4.9,18.39%,FALSE,FALSE
65041,35.1,200.4776765,6.56%,51.10%,3.00%,118.1677552,3.4,18.85%,FALSE,FALSE
45006,33.2,35.36223899,-2.65%,45.90%,1.80%,112.0950566,4.9,14.97%,FALSE,FALSE
54704,38.5,525.7965907,3.94%,51.30%,8.00%,23.93931725,3.5,20.42%,FALSE,FALSE
59582,16.1,113.2444373,1.22%,46.00%,4.80%,61.82666893,3.4,20.56%,FALSE,FALSE
46677,29.2,122.0094399,-0.63%,51.40%,4.10%,42.93565377,3.8,17.71%,FALSE,FALSE
56001,21.4,225.9052028,-1.10%,48.90%,3.60%,31.54375118,3.8,18.79%,FALSE,FALSE
56739,38.1,471.9348785,5.56%,51.10%,5.20%,71.68026077,3.3,19.88%,FALSE,FALSE
66560,35.2,775.6733589,8.27%,50.70%,10.80%,60.88697095,2.9,22.83%,FALSE,FALSE
72888,42.8,62.68092669,0.24%,50.70%,4.50%,183.815082,3.7,13.44%,FALSE,FALSE
55466,20.9,131.3459319,-1.46%,49.50%,8.20%,30.47201146,3.9,17.70%,FALSE,FALSE
87827,34.8,339.6614619,5.74%,49.90%,2.60%,31.25081382,3.3,16.82%,FALSE,FALSE
65051,24.5,1823.727158,3.78%,51.30%,2.80%,12.58621558,4.2,19.75%,FALSE,FALSE
54913,31.5,36.8828595,-0.57%,49.70%,1.60%,104.9490997,4.8,17.49%,FALSE,FALSE
47705,21.9,78.28367902,1.51%,49.70%,2.40%,69.04011231,4.7,15.75%,FALSE,FALSE
50730,19.1,347.6562656,0.79%,50.50%,5.80%,23.04598827,4.3,19.41%,FALSE,FALSE
81257,46.4,1449.392218,4.39%,51.00%,4.30%,24.65044085,3.4,19.83%,FALSE,FALSE
69827,33.5,517.9185294,9.60%,50.60%,10.20%,68.53305006,2.8,18.52%,FALSE,FALSE
48471,21.1,238.1398151,-5.05%,51.40%,8.70%,20.99307753,4.8,18.13%,FALSE,FALSE
60208,18.3,220.6525507,-2.46%,50.30%,3.50%,18.85274747,4.9,16.85%,FALSE,FALSE
58733,20.9,124.5765251,-0.77%,50.30%,11.70%,145.3545992,4.6,17.20%,FALSE,FALSE
76728,55.2,520.7071172,6.21%,50.40%,4.90%,54.40681609,2.9,20.62%,FALSE,FALSE
50753,23.3,2858.029996,-4.07%,51.80%,6.10%,14.86272275,5.1,20.44%,FALSE,FALSE
83363,29.7,843.7649228,7.31%,50.00%,4.90%,28.01740441,3.1,20.34%,FALSE,FALSE
101891,48.1,296.5892895,13.37%,50.30%,4.40%,28.54723139,2.8,18.02%,FALSE,FALSE
60384,24.3,65.1139281,3.93%,50.30%,1.50%,92.22965183,4.3,17.13%,FALSE,FALSE
89075,41.8,763.1544307,7.10%,50.60%,7.60%,20.97799408,2.9,20.33%,FALSE,FALSE
82323,49.2,2286.603287,8.96%,50.50%,7.00%,33.96945751,2.8,24.58%,FALSE,FALSE
80631,44,242.2793943,8.87%,51.20%,5.20%,31.58699374,2.6,21.71%,FALSE,FALSE
59901,25.1,29.78903364,2.46%,49.70%,3.70%,51.06730671,4.2,15.38%,FALSE,FALSE
68652,41.9,3615.490237,7.57%,51.20%,7.50%,41.79378944,3,23.79%,FALSE,FALSE
72438,27.5,135.1102719,4.23%,48.90%,8.50%,44.79483963,3.1,17.63%,FALSE,FALSE
60228,28.7,31.86445051,-0.58%,49.90%,1.80%,55.25694479,4,17.71%,FALSE,FALSE
108718,39.3,418.0169212,12.81%,50.20%,5.30%,46.97576721,2.7,19.42%,FALSE,FALSE
66449,27.8,119.9248325,6.48%,49.60%,3.60%,31.04144032,3.2,18.30%,FALSE,FALSE
100857,43.2,682.9359689,9.26%,50.60%,4.50%,22.86236854,2.8,18.46%,FALSE,FALSE
91374,28.4,209.2002957,9.88%,49.40%,3.10%,21.67990345,3.3,19.00%,FALSE,FALSE
58029,46,263.2905076,9.88%,51.50%,3.50%,16.62390629,2.4,21.69%,FALSE,FALSE
70705,32.7,629.1197036,11.21%,50.90%,7.10%,20.00416087,2.9,21.93%,FALSE,FALSE
45313,30.2,434.006018,6.11%,51.40%,3.90%,23.88377473,2.7,20.47%,FALSE,FALSE
57907,30.9,1163.03589,4.10%,51.60%,9.20%,31.29396268,3.7,22.58%,FALSE,FALSE
89236,37.8,717.3392097,10.33%,50.90%,3.40%,9.949704245,2.5,19.99%,FALSE,FALSE
70161,43.2,1957.867271,-0.48%,52.50%,3.00%,10.05828778,3.1,19.34%,FALSE,FALSE
46309,35,4855.126072,-6.23%,51.60%,4.20%,66.53891196,3.9,27.77%,FALSE,FALSE
51732,26,30.15612874,0.05%,49.50%,4.70%,49.16058304,3.4,20.61%,FALSE,FALSE
61334,29.9,20.40348608,12.41%,50.20%,3.00%,86.70019074,4.7,18.68%,FALSE,FALSE
73731,49,43.96760427,21.78%,48.10%,4.00%,131.0799238,2.3,23.95%,FALSE,FALSE
66075,38.6,20.07385161,8.69%,50.50%,3.40%,72.01290471,3,19.09%,FALSE,FALSE
57279,42.5,46.11663962,8.61%,50.00%,3.40%,83.61204013,3.2,22.83%,FALSE,FALSE
51740,32.4,5.924233597,5.84%,49.70%,3.30%,180.6575936,3.4,18.05%,FALSE,FALSE
57209,27.1,18.32257622,8.20%,50.40%,3.70%,91.31169246,4,14.75%,FALSE,FALSE
49249,26.4,48.59584928,2.05%,49.70%,4.70%,85.92295575,3.8,18.44%,FALSE,FALSE
61435,31,61.25407949,8.26%,50.80%,5.80%,43.39739616,3.2,20.83%,FALSE,FALSE
67264,38.9,1739.43767,9.49%,50.70%,12.90%,19.2534223,3.3,22.82%,FALSE,FALSE
61383,38.8,380.9811497,10.56%,49.80%,7.40%,34.47303269,2.8,20.64%,FALSE,FALSE
62131,23.9,287.2375112,13.92%,50.10%,31.60%,7.499840077,4,22.12%,FALSE,FALSE
71733,30.5,74.81618808,10.63%,49.50%,25.00%,42.41610624,3.2,21.92%,FALSE,FALSE
64495,33.6,52.53146679,2.23%,50.60%,1.60%,122.6742997,2.5,13.86%,FALSE,FALSE
65326,32.6,107.6684686,-1.36%,51.00%,2.00%,78.85917066,2.6,17.98%,FALSE,FALSE
62468,40.5,52.60339582,0.85%,50.60%,2.50%,77.87642124,2.2,17.67%,FALSE,FALSE
82862,37.3,475.9804095,3.91%,50.30%,7.30%,26.37731551,2.6,20.42%,FALSE,FALSE
75800,35.6,162.0687366,3.27%,50.60%,2.30%,59.44871227,2.3,18.71%,FALSE,FALSE
91416,40.7,445.8904307,4.70%,50.50%,3.30%,58.10781582,2.7,18.11%,FALSE,FALSE
71486,35.6,354.0429568,5.73%,50.90%,2.80%,22.9651007,2.3,19.59%,FALSE,FALSE
62678,27.4,474.4792192,-4.13%,51.60%,19.40%,18.96309781,5.1,17.64%,FALSE,FALSE
107971,48.3,4000.712419,2.91%,51.40%,21.00%,5.36364436,2.9,18.10%,FALSE,FALSE
88443,37.5,557.6789185,-0.76%,50.80%,8.50%,17.96343991,3.3,18.98%,FALSE,FALSE
73168,31.8,2288.999968,-1.42%,51.70%,17.60%,15.79557369,4,20.68%,FALSE,FALSE
66565,31.5,366.0694044,-5.68%,51.30%,8.10%,65.18975652,7.2,15.38%,FALSE,FALSE
64522,34.8,6330.420245,1.88%,51.90%,23.80%,7.509621703,4.5,20.82%,FALSE,FALSE
87996,31.9,905.6877999,1.15%,51.40%,6.70%,24.00252369,3.7,18.75%,FALSE,FALSE
117275,52,290.7093888,-3.20%,50.70%,7.00%,32.16183837,2.8,14.62%,FALSE,FALSE
79475,42,1636.243804,0.25%,51.10%,18.50%,8.16482051,3.2,18.70%,FALSE,FALSE
92770,42.7,2670.846902,1.84%,50.60%,22.10%,4.848120505,3.1,20.27%,FALSE,FALSE
102579,44.9,1319.974914,-1.87%,51.30%,11.10%,19.39252903,3.2,16.49%,FALSE,FALSE
116328,53.6,1068.816999,-0.09%,50.80%,13.90%,8.132643414,2.8,17.22%,FALSE,FALSE
75627,29.2,965.6557689,5.04%,51.70%,9.50%,8.234708969,3.7,16.18%,FALSE,FALSE
79953,35.1,5408.98352,3.57%,51.10%,32.80%,7.189835011,3.7,19.73%,FALSE,FALSE
83998,31.8,294.93329,-3.25%,51.00%,10.20%,28.49895979,3.3,16.97%,FALSE,FALSE
56148,33.9,585.0315464,2.44%,51.00%,50.30%,42.70225777,4.4,21.93%,FALSE,FALSE
42754,20.5,3.177437295,-15.15%,49.20%,49.20%,251.2352399,4.7,15.81%,FALSE,FALSE
43618,27.5,57.30646609,4.11%,51.00%,68.80%,22.9152822,5.7,19.13%,FALSE,FALSE
63671,15.9,13.99996073,7.92%,49.40%,50.50%,51.31713992,3.1,21.31%,FALSE,FALSE
71118,30,39.54778812,10.35%,50.90%,39.90%,40.88641753,4.8,18.99%,FALSE,FALSE
61791,40.9,78.74562562,4.12%,51.60%,50.90%,59.85714096,3.9,16.87%,FALSE,FALSE
43032,28,14.85309404,-0.65%,51.10%,56.50%,91.67863582,6,15.60%,FALSE,FALSE
69408,41.3,584.3604869,0.43%,51.60%,6.30%,19.63954881,3.6,19.57%,FALSE,FALSE
41470,19.8,33689.82801,2.33%,52.80%,56.40%,2.820462739,5.4,22.67%,FALSE,FALSE
58055,22.3,110.7258431,-4.51%,48.70%,3.10%,65.29460928,4.3,18.62%,FALSE,FALSE
50143,21.7,119.6942916,-6.31%,50.70%,7.80%,39.40017178,4.7,17.12%,FALSE,FALSE
84564,35.2,369.7924915,-1.11%,50.30%,12.90%,37.38724347,3.6,17.88%,FALSE,FALSE
60620,33.7,881.0858038,-0.04%,51.60%,5.80%,21.76984485,4.3,20.46%,FALSE,FALSE
55091,27.6,20.557588,-6.74%,48.30%,3.00%,244.0016267,4.7,17.56%,FALSE,FALSE
48943,19.4,30.7049393,-3.15%,44.90%,3.60%,79.96481548,4.9,20.90%,FALSE,FALSE
54746,22.1,72.91539509,-4.31%,47.90%,6.30%,84.76731372,4.5,17.42%,FALSE,FALSE
53829,22.3,86.57958836,-5.82%,47.50%,7.80%,45.52324417,5.6,23.36%,FALSE,FALSE
66501,36.5,36148.65285,2.16%,52.60%,18.90%,7.42215623,4.1,25.97%,FALSE,FALSE
61713,27,108.3330025,-3.53%,50.60%,2.30%,84.57732482,4.5,16.00%,FALSE,FALSE
62159,37.7,1128.673702,-0.35%,51.80%,9.20%,25.61440878,4.2,20.43%,FALSE,FALSE
117767,45.2,4765.886006,1.28%,51.20%,17.50%,5.158726649,3.4,17.81%,FALSE,FALSE
93007,60.8,71343.72947,2.63%,52.60%,25.60%,3.069921766,3.5,30.20%,FALSE,FALSE
56371,23.8,400.6459159,-3.43%,51.20%,3.30%,14.33479389,5,18.47%,FALSE,FALSE
56516,24.7,188.6056833,-2.71%,50.20%,6.20%,17.49237988,4.3,18.39%,FALSE,FALSE
61597,35.5,591.641722,-1.41%,51.80%,5.20%,39.08557134,3.9,19.49%,FALSE,FALSE
66754,34.5,170.4439769,1.68%,51.10%,5.10%,100.2031391,3.9,17.13%,FALSE,FALSE
83188,29.8,474.2474307,3.15%,49.90%,21.60%,25.97807451,3.8,17.93%,FALSE,FALSE
52414,30.9,59.39203354,-4.65%,51.50%,3.80%,67.23480073,4.2,15.09%,FALSE,FALSE
72975,31.5,20766.76003,1.03%,51.50%,28.20%,7.098938797,3.5,23.04%,FALSE,FALSE
70688,30.1,243.2655714,-0.45%,50.60%,5.20%,31.50320703,3.8,20.65%,FALSE,FALSE
86624,33,8157.323968,1.56%,51.40%,18.60%,6.300628173,3.9,19.84%,FALSE,FALSE
99831,40.6,1877.205416,4.33%,50.90%,18.40%,9.208414035,3.6,17.31%,FALSE,FALSE
89071,41.4,283.7870872,4.46%,50.60%,3.40%,34.80333938,3.4,18.48%,FALSE,FALSE
64960,31.4,759.3489018,0.37%,51.20%,7.40%,25.75676598,3.8,19.88%,FALSE,FALSE
58927,22.3,49.85212739,-5.65%,49.90%,3.40%,96.7773154,4.7,15.90%,FALSE,FALSE
52215,22.3,54.23457283,-3.01%,50.20%,2.00%,449.2615264,4.7,17.12%,FALSE,FALSE
51064,20.9,105.083332,-3.63%,47.50%,3.70%,146.9896519,3.8,19.62%,FALSE,FALSE
53167,23.1,68.59040141,-3.79%,50.20%,1.70%,83.8759056,4.6,17.73%,FALSE,FALSE
105241,35.6,1618.989508,-1.13%,50.80%,20.20%,18.28523752,3.7,17.79%,FALSE,FALSE
58851,23.2,77.91499506,-2.80%,48.70%,16.80%,39.7709195,4,17.90%,FALSE,FALSE
59176,52.7,215.2748663,0.60%,50.90%,5.40%,58.71990605,3.6,18.32%,FALSE,FALSE
64090,32.2,157.9500727,-2.77%,50.40%,10.60%,84.47230153,3.8,18.60%,FALSE,FALSE
63240,30,73.7572553,-2.76%,50.90%,2.80%,109.4707869,4.6,17.51%,FALSE,FALSE
56897,20.4,73.63471867,-3.29%,48.30%,2.90%,49.01640416,4.1,18.27%,FALSE,FALSE
101741,48.2,2247.416358,1.90%,51.50%,25.50%,12.40302386,3.8,17.88%,FALSE,FALSE
58214,16.5,67.24465454,-5.76%,45.80%,3.30%,75.26531022,4.4,20.66%,FALSE,FALSE
60612,24.4,73.67593001,-1.75%,51.30%,2.30%,160.5587444,3.7,15.72%,FALSE,FALSE
57963,24,399.8391293,10.84%,52.50%,13.10%,17.69817532,3.8,18.40%,FALSE,FALSE
55448,39.2,397.7495614,8.76%,52.10%,6.80%,126.3443227,3,20.91%,FALSE,FALSE
47890,16.6,178.4365578,-0.47%,50.00%,6.50%,33.15466652,3.7,17.51%,FALSE,FALSE
72071,31.2,598.3513431,17.76%,51.20%,11.10%,18.47976235,3.6,19.89%,FALSE,FALSE
60058,28.4,137.2303462,4.32%,51.00%,4.40%,57.57632462,4.2,15.54%,FALSE,FALSE
70258,41.3,109.1639365,14.72%,52.20%,12.10%,40.28467839,3.4,14.36%,FALSE,FALSE
42764,19.2,62.824696,4.08%,51.30%,3.30%,104.8511114,4.5,13.58%,FALSE,FALSE
46599,25,514.3358653,4.79%,50.40%,12.10%,14.90272988,5.1,23.54%,FALSE,FALSE
65541,47.5,1124.182184,16.77%,52.30%,13.70%,24.88428806,3.4,25.96%,FALSE,FALSE
53054,33.8,936.657781,8.27%,52.70%,13.30%,26.15781007,3.7,19.36%,FALSE,FALSE
56542,20.6,630.6516079,8.21%,51.70%,7.60%,22.26883832,3.9,19.71%,FALSE,FALSE
55820,35.3,831.919889,9.08%,52.70%,8.40%,27.92391292,4.1,19.99%,FALSE,FALSE
51612,25,112.5481315,5.27%,51.70%,4.30%,64.1879423,3.4,16.90%,FALSE,FALSE
61651,31.8,314.733507,9.09%,52.00%,10.30%,51.09992591,3.3,15.91%,FALSE,FALSE
68308,27.5,316.8273696,12.30%,50.80%,8.00%,16.50110557,3.6,18.24%,FALSE,FALSE
46279,24.2,69.5518254,5.40%,51.50%,7.40%,83.66333872,3.9,14.97%,FALSE,FALSE
69455,44.8,2119.639128,17.18%,51.90%,13.80%,31.52142196,3.6,24.91%,FALSE,FALSE
57252,39.3,1224.18474,13.56%,52.40%,5.80%,59.70836727,3.6,19.49%,FALSE,FALSE
74314,57.6,373.0946482,9.88%,52.30%,8.60%,53.88076187,3.3,17.74%,FALSE,FALSE
52961,31.8,277.2222861,6.97%,53.10%,6.50%,16.59824501,4.2,19.86%,FALSE,FALSE
48637,16.8,134.8883619,-2.63%,51.30%,11.10%,41.79262499,3.7,16.36%,FALSE,FALSE
55628,31.5,90.83872263,3.77%,51.80%,3.40%,145.4122437,3.7,14.36%,FALSE,FALSE
86138,34.8,379.8121991,16.08%,50.70%,11.50%,12.50734807,3.5,15.90%,FALSE,FALSE
84377,51.8,1331.101184,18.96%,51.40%,10.40%,32.38106032,3.3,22.25%,FALSE,FALSE
51630,41.6,179.7341916,9.07%,50.20%,4.00%,71.20351745,3.5,16.01%,FALSE,FALSE
63977,39.4,103.0762005,17.67%,49.50%,2.80%,16.49049323,2,24.74%,FALSE,FALSE
43621,29.7,129.7205311,0.87%,50.40%,1.90%,76.53803175,5.3,17.60%,FALSE,FALSE
68611,29.8,820.3170498,3.92%,51.00%,5.00%,23.49047592,3.8,18.21%,FALSE,FALSE
68724,28,456.5980978,4.39%,50.60%,2.10%,19.37721627,3.7,19.01%,FALSE,FALSE
52503,31.9,2701.435505,-3.65%,52.30%,6.30%,35.62545341,4.2,20.51%,FALSE,FALSE
110252,54.4,472.0784115,16.71%,50.30%,2.80%,19.12256128,3.1,17.20%,FALSE,FALSE
71782,27.2,312.3920771,7.25%,50.30%,2.40%,31.73112315,3.7,18.55%,FALSE,FALSE
64648,39.3,2474.230911,11.65%,51.20%,5.80%,28.85880148,3.5,25.56%,FALSE,FALSE
69709,39,408.3276734,4.36%,50.80%,3.00%,17.75809917,3.7,19.55%,FALSE,FALSE
60251,37.1,2013.926733,1.85%,51.70%,3.60%,41.59158773,3.8,21.75%,FALSE,FALSE
65040,27.9,1011.675085,0.05%,51.20%,4.70%,26.07006765,3.7,18.05%,FALSE,FALSE
66321,26.2,259.1384615,5.86%,50.90%,2.10%,45.23300652,3.7,18.28%,FALSE,FALSE
59201,24,630.8946632,2.74%,50.80%,10.40%,9.682635484,4.3,17.44%,FALSE,FALSE
49924,26.3,1256.686861,-3.14%,51.60%,7.40%,23.34550412,4.7,20.39%,FALSE,FALSE
48018,24.1,555.5641934,-4.43%,51.00%,6.50%,17.49146198,5.7,17.61%,FALSE,FALSE
78540,33.3,426.5873675,4.12%,50.50%,2.30%,33.38043684,3.4,17.11%,FALSE,FALSE
67075,16.7,89.03035794,0.87%,49.50%,2.00%,72.86505392,2.6,17.53%,FALSE,FALSE
54704,27.4,1151.952214,-0.65%,51.90%,3.30%,26.33128137,4.2,19.86%,FALSE,FALSE
63352,22.4,158.9733129,-2.23%,50.30%,5.10%,98.70450339,5.6,14.64%,FALSE,FALSE
55623,22.8,644.2285462,-1.34%,51.40%,2.20%,21.58626682,4.5,17.95%,FALSE,FALSE
57753,32.1,1310.758623,-0.14%,51.50%,2.30%,35.11930397,4.3,19.55%,FALSE,FALSE
91645,42.3,584.5846395,9.34%,49.60%,2.90%,21.31269128,3.5,18.11%,FALSE,FALSE
64706,32.5,527.1565021,9.95%,50.10%,9.20%,14.08381277,2.8,21.89%,FALSE,FALSE
56272,31.8,1125.017811,9.88%,51.00%,17.90%,13.79424504,3.1,22.57%,FALSE,FALSE
57668,31.2,1142.58057,7.39%,51.20%,13.30%,16.88276607,3.2,21.55%,FALSE,FALSE
69148,53.6,137.664382,8.03%,49.90%,7.80%,96.71907408,2.9,18.61%,FALSE,FALSE
80539,36.8,223.5909111,10.09%,50.70%,9.00%,38.26039547,3.4,19.16%,FALSE,FALSE
59339,24.6,48.51824199,7.92%,50.50%,8.60%,248.6077963,3.7,18.43%,FALSE,FALSE
71880,34.2,65.50027069,20.21%,50.50%,8.30%,126.4593408,3.9,20.19%,FALSE,FALSE
48940,17.2,22.03700302,2.99%,50.70%,6.10%,63.07442782,4.9,16.73%,FALSE,FALSE
68835,31.6,44.79748021,4.43%,50.00%,31.90%,256.6076469,3.2,19.34%,FALSE,FALSE
56367,27.4,79.37495599,8.03%,51.10%,13.50%,45.26033746,4.4,18.91%,FALSE,FALSE
47533,17.2,53.35653315,5.46%,51.20%,7.70%,68.58161784,5,16.29%,FALSE,FALSE
57212,29.6,83.91324716,7.94%,50.80%,9.30%,44.49481374,4.1,19.61%,FALSE,FALSE
52276,24.1,50.99386077,7.86%,51.70%,9.50%,80.06084624,4.3,15.03%,FALSE,FALSE
64058,22.8,294.1811311,9.34%,50.20%,27.20%,25.87560161,3.9,20.92%,FALSE,FALSE
72469,44.5,1884.675757,9.54%,50.50%,12.00%,98.41853713,3.3,27.72%,FALSE,FALSE
52298,21,24.5206697,6.61%,49.50%,10.50%,147.9508803,3.9,16.43%,FALSE,FALSE
58286,16.2,24.24188519,2.64%,47.70%,27.60%,38.48620911,4.8,20.68%,FALSE,FALSE
85665,43.7,830.6642917,11.95%,50.50%,17.10%,29.92061065,3.1,23.89%,FALSE,FALSE
71815,26.5,149.610259,7.38%,50.00%,16.20%,74.69654528,3.4,19.22%,FALSE,FALSE
64799,40.7,1665.643941,-0.60%,51.60%,2.30%,32.07118158,4.1,22.08%,FALSE,FALSE
60323,23.7,377.0979407,-4.03%,51.40%,1.80%,18.30060575,4.5,17.85%,FALSE,FALSE
67418,24.5,491.7233504,2.31%,50.80%,22.50%,16.62060385,4.3,18.44%,FALSE,FALSE
93587,40.5,1039.653686,0.48%,50.90%,5.70%,17.50839607,3.8,17.22%,FALSE,FALSE
72576,35.4,238.209545,2.12%,50.40%,1.60%,37.26317919,3.9,17.46%,FALSE,FALSE
61036,44.7,146.3032054,5.17%,47.40%,3.00%,30.79102134,3.3,19.27%,FALSE,FALSE
102233,51.8,699.5115309,4.97%,50.80%,7.60%,36.19123448,3.2,17.90%,FALSE,FALSE
54377,22.5,134.4709672,-3.59%,51.90%,3.00%,46.17942245,4.8,16.22%,FALSE,FALSE
49741,20.8,83.60087642,-4.89%,51.00%,1.40%,82.7139633,4.7,16.59%,FALSE,FALSE
75269,35.8,464.5078732,7.09%,50.50%,4.30%,19.73398587,3.4,19.69%,FALSE,FALSE
60763,30.5,530.0458816,3.66%,51.50%,9.90%,32.3393185,4,20.38%,FALSE,FALSE
76783,38.3,3082.777152,1.37%,51.90%,4.10%,7.057822979,4,19.59%,FALSE,FALSE
51923,27.7,337.5169241,-4.02%,50.60%,4.40%,25.95207023,4.6,18.98%,FALSE,FALSE
62699,21,200.7539263,3.49%,50.80%,6.10%,19.35146781,3.8,17.91%,FALSE,FALSE
67515,26.9,578.2138354,4.82%,51.00%,11.00%,32.98370605,3.4,19.27%,FALSE,FALSE
61560,20.3,391.8741519,5.80%,50.80%,14.10%,21.15760298,3.9,17.73%,FALSE,FALSE
65436,29.4,1069.972129,5.37%,51.00%,26.20%,18.95385548,4.5,19.76%,FALSE,FALSE
53439,23.2,356.5149219,-1.10%,50.50%,13.80%,18.90257926,5.7,18.75%,FALSE,FALSE
53762,22.8,92.21842203,-2.48%,51.00%,2.20%,35.30481293,4.8,19.04%,FALSE,FALSE
54099,22.6,162.6941233,-6.59%,50.60%,1.60%,45.69381489,4.9,15.87%,FALSE,FALSE
63012,24.4,279.9193143,0.25%,50.40%,17.00%,17.61897211,5.4,16.81%,FALSE,FALSE
92340,48.7,1720.178453,3.74%,51.40%,5.40%,21.66286564,3.5,19.13%,FALSE,FALSE
65534,32.8,139.9702093,-0.20%,51.50%,2.90%,219.4185409,3.6,19.64%,FALSE,FALSE
73780,29.2,825.8289127,2.47%,50.80%,14.20%,29.48064923,4.5,18.10%,FALSE,FALSE
47598,28.6,11812.46971,3.67%,52.70%,15.20%,11.99446487,5.5,26.35%,FALSE,FALSE
55951,16.2,181.5474279,-4.90%,48.80%,5.20%,21.222561,5.4,18.15%,TRUE,TRUE
65558,29.5,241.3858288,-0.46%,50.80%,1.80%,14.50221159,4.5,17.24%,FALSE,FALSE
56265,20.4,70.7837884,-2.84%,46.90%,4.90%,77.88010358,4.7,16.99%,FALSE,FALSE
59407,28.5,339.543226,-4.66%,51.10%,1.30%,20.06311282,4.5,16.28%,FALSE,FALSE
69101,24.2,496.6461361,3.14%,50.60%,8.10%,33.40325749,3.8,18.77%,FALSE,FALSE
74230,32.1,974.8647109,-1.14%,51.60%,5.70%,18.26017092,3.2,19.99%,FALSE,FALSE
62165,28.1,1560.263442,1.92%,51.30%,23.90%,14.08602807,3.9,22.05%,FALSE,FALSE
86450,45,381.4205659,-1.12%,51.60%,3.40%,47.77945006,3.1,14.58%,FALSE,FALSE
73890,40.3,333.3830777,15.56%,51.00%,11.10%,26.02512987,2.6,15.90%,FALSE,FALSE
70980,42.8,449.0895535,14.88%,51.70%,5.30%,51.04446702,2.3,24.15%,FALSE,FALSE
64399,34.2,666.8305482,13.81%,51.50%,9.50%,22.92079719,2.4,20.71%,FALSE,FALSE
53648,23.6,312.2693792,23.95%,51.90%,6.10%,8.472637617,3.6,16.83%,FALSE,FALSE
62059,30.1,427.4494823,12.17%,51.40%,6.30%,16.73640167,2.3,20.18%,FALSE,FALSE
52905,37.7,549.1699557,7.52%,51.80%,5.30%,16.83667702,2.8,21.48%,FALSE,FALSE
55588,23.8,395.8097648,11.09%,51.40%,7.30%,9.381303063,2.6,20.05%,FALSE,FALSE
68468,32,412.843174,19.54%,51.80%,5.90%,10.67695451,2.8,19.57%,FALSE,FALSE
53902,34.7,32.30358672,6.76%,49.90%,3.50%,116.081102,3.2,17.61%,FALSE,FALSE
63162,31.9,239.2798338,12.25%,49.40%,5.10%,41.42201787,2.9,22.99%,FALSE,FALSE
58919,30.7,40.97706761,11.27%,49.70%,5.40%,52.73566249,3.4,19.57%,FALSE,FALSE
59368,24,238.2075725,7.57%,51.40%,3.60%,22.54147632,3.2,17.74%,FALSE,FALSE
63846,40.3,1377.179669,9.72%,51.80%,10.40%,30.2530887,2.5,28.26%,FALSE,FALSE
57802,31.2,678.065966,8.52%,51.70%,6.00%,27.18839382,3.2,21.16%,FALSE,FALSE
60316,36.7,925.4213276,8.10%,51.40%,4.60%,34.01989739,2.9,20.37%,FALSE,FALSE
66434,21.8,157.2027831,16.01%,51.70%,6.20%,31.12452924,3.2,20.83%,FALSE,FALSE
57606,27.2,387.6148278,17.54%,50.20%,10.20%,19.13939701,3.8,26.37%,FALSE,FALSE
49083,25.4,200.0608323,9.87%,50.30%,6.50%,49.84734251,3.5,19.07%,FALSE,FALSE
52659,31.1,1227.984706,1.02%,52.60%,6.60%,10.6704682,4,21.57%,FALSE,FALSE
51303,22.8,383.0725053,0.96%,51.30%,2.00%,18.94561346,3.7,17.35%,FALSE,FALSE
51879,32.4,396.2905671,4.94%,51.10%,3.60%,30.9178744,3.5,18.39%,FALSE,FALSE
119637,59,409.221437,23.17%,50.90%,4.90%,20.97209872,2.4,16.35%,FALSE,FALSE
58956,27.6,1616.003936,14.41%,50.60%,60.70%,4.492017685,3.1,23.37%,FALSE,FALSE
83704,29.7,275.6601048,16.32%,49.50%,31.60%,10.68764295,4.2,21.77%,FALSE,FALSE
54471,40.8,391.5158555,14.99%,49.60%,26.20%,17.45116945,2.7,22.21%,FALSE,FALSE
62827,25.1,48.43310288,11.22%,51.00%,22.60%,83.06510227,2.7,16.30%,FALSE,FALSE
96847,51.7,1230.027638,24.39%,50.80%,15.50%,10.63079257,3.1,20.64%,FALSE,FALSE
87976,35.3,279.2058998,30.56%,50.50%,28.10%,32.008399,3,17.89%,FALSE,FALSE
61807,30.7,3024.881812,10.15%,50.70%,40.80%,11.00353783,3.5,23.86%,FALSE,FALSE
90910,44.5,1009.98939,25.31%,50.80%,19.60%,9.017061407,3,22.60%,FALSE,FALSE
48629,22.8,828.7190689,4.60%,50.60%,82.90%,3.574671309,3.8,21.77%,FALSE,FALSE
101361,46.1,942.2006986,27.88%,50.90%,24.90%,6.160002365,3.5,19.52%,FALSE,FALSE
73214,30,904.2732016,14.86%,50.90%,25.40%,11.69115476,4,20.13%,FALSE,FALSE
57439,20.5,146.0242452,11.26%,51.10%,14.20%,22.02449123,3.1,18.49%,FALSE,FALSE
61638,31,2766.8834,13.17%,50.40%,43.70%,5.728440114,3.8,23.57%,FALSE,FALSE
72890,37.4,339.5257663,31.75%,50.30%,40.10%,34.75374797,2.8,21.68%,FALSE,FALSE
41656,18.4,553.0118756,10.81%,51.00%,92.50%,4.604544455,6.2,19.85%,FALSE,FALSE
94899,40.9,71.59904174,29.56%,51.00%,24.60%,105.4162889,2.7,15.91%,FALSE,FALSE
54733,29.1,346.7723836,10.22%,50.70%,36.30%,12.87958553,2.8,21.19%,FALSE,FALSE
51078,23.7,247.4426309,8.46%,51.20%,27.00%,11.69030056,3.3,19.46%,FALSE,FALSE
88833,34.7,583.0571115,24.97%,50.50%,25.20%,13.17108749,3.4,19.75%,FALSE,FALSE
56079,21.5,432.0832171,6.09%,50.60%,64.50%,13.80094619,4.1,21.15%,FALSE,FALSE
105763,40.3,825.8682578,25.33%,50.60%,18.60%,38.12610208,3.1,18.73%,FALSE,FALSE
70130,31.5,2434.571009,13.96%,51.10%,29.50%,8.561175545,3.3,22.17%,FALSE,FALSE
54465,24.5,150.7658768,4.73%,51.40%,25.00%,28.97836765,2.9,21.12%,FALSE,FALSE
80690,48.6,1286.559712,19.60%,49.50%,33.60%,23.54873096,2.6,28.84%,FALSE,FALSE
92661,41.1,528.0778108,28.43%,50.70%,24.80%,16.93333853,2.8,22.51%,FALSE,FALSE
79941,34.5,1563.337114,11.27%,49.80%,18.80%,19.82011949,2.5,24.36%,FALSE,FALSE
71835,23.8,451.6928087,11.14%,49.70%,18.70%,11.52901661,3,22.59%,FALSE,FALSE
73574,36.7,47.99138747,-0.12%,50.10%,2.30%,81.57272208,2.3,15.96%,FALSE,FALSE
56948,35.7,52.54970518,-4.67%,51.30%,2.20%,84.57851706,2.9,15.02%,FALSE,FALSE
76483,50.7,305.2193716,4.41%,51.10%,2.50%,97.69560492,1.8,20.66%,FALSE,FALSE
60555,37.3,55.27935013,3.50%,50.00%,1.80%,157.7162684,3.1,19.04%,FALSE,FALSE
65879,41.5,84.99155308,-1.93%,50.30%,2.00%,119.8445445,2.3,17.20%,FALSE,FALSE
61843,36.3,56.80377413,-2.92%,51.00%,1.80%,90.80672696,2.1,16.89%,FALSE,FALSE
66591,28.9,104.9067689,13.07%,50.80%,2.40%,50.63483423,2.9,15.35%,FALSE,FALSE
127898,61.1,2935.097156,5.73%,50.40%,16.50%,9.585789329,2.3,20.67%,FALSE,FALSE
68975,42.9,1415.585138,7.22%,52.60%,6.00%,9.068430376,2.8,21.53%,FALSE,FALSE
151806,60.8,802.1126501,24.48%,50.40%,13.90%,55.6176216,2.3,20.08%,FALSE,FALSE
58740,45.8,254.6031926,4.20%,48.30%,3.50%,30.4460344,2.8,19.30%,FALSE,FALSE
55804,32.1,31.70820803,-0.60%,51.70%,4.30%,200.9377093,2.8,14.69%,FALSE,FALSE
106208,40.1,1398.13378,14.53%,50.00%,24.50%,10.63072066,2.5,21.04%,FALSE,FALSE
109090,39.8,568.4275495,15.65%,49.50%,14.20%,19.6229772,2.8,20.49%,FALSE,FALSE
102589,62.1,10609.43635,12.21%,51.80%,16.60%,18.81727175,2.1,31.73%,FALSE,FALSE
58717,52.6,4616.722016,8.02%,51.60%,5.80%,126.9411416,2.4,27.00%,FALSE,FALSE
62121,42.1,2781.226054,16.36%,53.80%,10.90%,137.760022,3.4,21.71%,FALSE,FALSE
55816,26.8,2616.264369,-2.18%,52.00%,6.20%,29.73756598,3.8,22.26%,FALSE,FALSE
48189,36,3043.747847,7.74%,51.90%,20.70%,56.58669081,3.2,19.96%,FALSE,FALSE
84405,29.7,4157.979962,7.94%,49.70%,38.10%,146.0387003,2.5,22.24%,FALSE,FALSE
52437,28,4485.254989,-0.03%,47.90%,8.50%,28.83720164,3.5,26.22%,FALSE,FALSE
50949,38.5,3853.122649,11.38%,52.60%,7.30%,73.77319516,3.3,29.35%,FALSE,FALSE
54888,29.1,1752.510909,1.97%,52.40%,3.60%,118.5723884,2.8,17.42%,FALSE,FALSE
54296,34,1248.1602,4.76%,54.00%,3.30%,160.436387,2.7,20.36%,FALSE,FALSE
78491,35.2,1807.008385,2.66%,50.90%,8.50%,24.44585687,2.7,23.71%,FALSE,FALSE
60254,33.9,3041.048413,6.68%,50.80%,18.30%,106.8452169,2.8,20.54%,FALSE,FALSE
72847,30,120.2026137,14.29%,49.90%,22.60%,44.03346543,5.2,20.66%,FALSE,FALSE
59838,26.7,26.43360355,6.15%,49.90%,28.20%,142.4870466,4.9,18.88%,FALSE,FALSE
80407,29.8,776.2128699,12.88%,50.60%,10.20%,45.05971436,4.7,20.26%,FALSE,FALSE
57316,16.6,97.00076746,7.40%,50.50%,9.30%,27.12649083,6,18.61%,FALSE,FALSE
57152,17.6,36.47416527,8.81%,49.20%,42.20%,30.6958755,6.9,19.91%,FALSE,FALSE
59346,15.8,39.46368795,3.02%,48.90%,10.30%,39.96749311,7.1,17.69%,FALSE,FALSE
72173,33,408.4500285,7.79%,50.20%,8.20%,35.23566789,5,19.92%,FALSE,FALSE
60556,41.8,17.86383545,7.29%,51.10%,3.80%,93.10697992,5.6,13.00%,FALSE,FALSE
102338,51.4,1064.860184,14.27%,49.70%,9.90%,45.2773504,2.8,26.71%,FALSE,FALSE
79268,32.2,687.3760891,7.49%,48.90%,8.20%,47.88689851,4.6,21.51%,FALSE,FALSE
44777,19,8.018826199,2.66%,49.50%,20.70%,71.0176834,6.8,16.92%,FALSE,FALSE
78779,26.4,542.0638895,12.13%,50.10%,11.40%,35.35989746,5.1,23.03%,FALSE,FALSE
69113,48.6,101.0953627,10.31%,51.70%,6.80%,227.5054033,3.7,13.22%,FALSE,FALSE
67551,26.3,74.63307307,9.52%,50.50%,18.60%,69.65674703,5.4,19.09%,FALSE,FALSE
69163,23.8,7.297921032,8.42%,49.10%,6.80%,248.2827112,5.5,16.39%,FALSE,FALSE
89119,31.9,393.8550444,13.23%,49.80%,10.60%,37.70908777,3,22.86%,FALSE,FALSE
59976,30.4,296.4058667,9.87%,50.40%,6.10%,47.81961675,5.2,21.89%,FALSE,FALSE
55000,18.5,18.45332386,4.79%,50.10%,3.80%,65.61249262,7,14.74%,FALSE,FALSE
77890,35.7,402.4261698,13.17%,51.10%,9.40%,24.09339979,4.8,21.82%,FALSE,FALSE
60202,28.6,47.83766058,3.26%,49.10%,21.70%,98.74917709,4.9,19.06%,FALSE,FALSE
68656,33.9,108.8099477,12.26%,50.60%,9.80%,65.4316087,5,20.20%,FALSE,FALSE
55674,16,58.40509234,3.05%,50.00%,50.20%,51.81904788,7,19.74%,FALSE,FALSE
75225,30.8,272.5976101,6.38%,50.40%,6.30%,69.99615021,3.1,17.90%,FALSE,FALSE
55652,41.3,293.3161511,8.92%,48.60%,2.20%,37.87448396,3.6,23.57%,FALSE,FALSE
47222,17.5,16.32523477,-4.42%,49.10%,0.90%,438.6606229,5.2,16.74%,FALSE,FALSE
65494,29.6,499.4109962,6.25%,50.40%,9.00%,34.02106282,3.1,20.24%,FALSE,FALSE
60713,20.1,64.12111391,3.47%,48.00%,1.90%,61.86396115,3.8,19.12%,FALSE,FALSE
69219,23.2,75.15326003,1.21%,48.90%,3.70%,52.14489328,3.1,18.50%,FALSE,FALSE
77828,50.7,456.6297957,10.72%,50.30%,6.50%,45.7293372,2.4,23.12%,FALSE,FALSE
64972,31.8,164.0263142,5.65%,50.50%,2.70%,38.22410794,3.1,20.28%,FALSE,FALSE
64319,23,63.29233146,0.32%,50.30%,3.10%,81.16883117,2.9,17.05%,FALSE,FALSE
71098,24.8,152.3323641,1.28%,50.00%,7.30%,35.39029598,3.1,18.17%,FALSE,FALSE
66460,25.7,623.4089489,1.85%,50.50%,13.50%,17.69274774,4,19.49%,FALSE,FALSE
59758,34.3,261.278853,2.86%,51.20%,2.10%,67.78741866,2.9,19.10%,FALSE,FALSE
66092,25.6,87.8275036,1.20%,49.80%,3.00%,29.47852489,2.9,18.52%,FALSE,FALSE
53505,30.5,3917.639456,-0.21%,51.60%,15.60%,32.77905017,4,23.39%,FALSE,FALSE
66994,28.9,294.7109359,5.96%,50.00%,4.60%,15.96721399,3,20.29%,FALSE,FALSE
58248,32,88.38997901,1.06%,49.50%,3.40%,70.64940937,3.3,17.65%,FALSE,FALSE
61691,24.7,590.4072469,0.46%,50.40%,13.60%,15.28187417,4.1,18.35%,FALSE,FALSE
87098,33.7,125.5480536,6.99%,50.00%,2.60%,66.16163287,3.4,18.49%,FALSE,FALSE
62108,23.9,225.597293,-0.14%,49.60%,6.70%,34.6800763,2.7,17.95%,FALSE,FALSE
64682,28.3,187.1067341,1.58%,50.00%,11.20%,28.8828128,3.3,15.89%,FALSE,FALSE
91070,43.8,735.4751135,3.54%,50.80%,4.90%,17.31824502,2.9,16.97%,FALSE,FALSE
59643,27.3,395.6551059,2.86%,49.70%,4.40%,34.90259268,3,19.75%,FALSE,FALSE
52216,49.9,9.097205324,6.64%,48.20%,9.70%,77.16049383,3.1,21.46%,FALSE,FALSE
83997,19.2,9.648929385,0.45%,48.60%,8.90%,64.73748948,3.7,22.56%,FALSE,FALSE
69613,28.7,37.04514519,7.80%,49.30%,14.90%,30.15075377,3.5,21.58%,FALSE,FALSE
59494,32.1,4.205369055,3.39%,50.20%,5.50%,102.7608413,4,17.00%,FALSE,FALSE
64030,30,12.07808421,4.49%,49.90%,4.40%,98.40905363,3.5,17.62%,FALSE,FALSE
98837,57.4,5.872784534,9.25%,48.30%,15.10%,170.4739175,2.7,25.42%,FALSE,FALSE
