,0,1,2,3,4,5,6,7,8,9
0,59871,140.4178178,0.1835,0.515,0.047,2.7,0.173,13.43881308,0.313,0
1,47747,187.50784,-0.0437,0.52,0.041,3.5,0.1924,8.802429471,0.18,0
2,43047,191.1583559,-0.0211,0.516,0.041,3.3,0.1814,9.778229749,0.177,0
3,44322,47.8964029,-0.031,0.509,0.031,3.3,0.1716,19.37008484,0.142,0
4,54127,592.627754,0.0002,0.527,0.041,2.9,0.2124,13.66591099,0.324,0
5,48188,138.8788627,0.0002,0.52,0.029,3.3,0.1756,21.56822569,0.239,0
6,54160,270.8349793,0.1477,0.509,0.037,2.7,0.204,6.07747566,0.341,0
7,68609,465.2099008,0.1022,0.511,0.052,2.5,0.2063,26.81619376,0.417,1
8,48913,171.026541,0.0388,0.507,0.147,2.5,0.1837,10.333354,0.192,0
9,49492,336.0974757,0.0005,0.525,0.03,3.7,0.2026,9.680307834,0.229,0
10,52711,288.7942192,-0.0127,0.53,0.037,3.1,0.2095,4.415283947,0.321,0
11,54355,206.5792449,0.0016,0.508,0.087,2.6,0.1842,8.35568479,0.217,0
12,43670,90.4030321,0.0865,0.521,0.058,2.9,0.2164,17.25298045,0.165,0
13,77801,277.3521206,0.1039,0.517,0.058,2.2,0.1882,4.593435063,0.421,0
14,52307,158.3916838,0.0702,0.519,0.04,2.7,0.2105,14.32972702,0.303,0
15,45991,80.28518994,-0.0551,0.512,0.026,3.3,0.1752,31.48565041,0.116,0
16,82512,168.9463672,-0.0133,0.491,0.094,5.1,0.2482,41.66666667,0.353,1
17,74076,13.19790701,-0.0076,0.462,0.082,5.4,0.2576,30.97605551,0.326,0
18,62548,1.091175709,0.0087,0.502,0.036,8.9,0.1628,395.256917,0.374,0
19,53141,0.285451729,-0.0009,0.468,0.06,11.4,0.1457,465.5493482,0.234,0
20,85419,11.83375889,0.0219,0.491,0.07,4.4,0.2276,93.82623381,0.395,1
21,68625,3.652055438,0.0563,0.478,0.043,6.8,0.1902,51.10036111,0.233,0
22,75706,2.86122179,0.0305,0.489,0.056,6.2,0.2124,143.8745414,0.245,0
23,79669,1.984555038,-0.0457,0.469,0.086,5.6,0.2426,76.93491306,0.26,0
24,75856,4.40171688,0.1784,0.481,0.052,6.9,0.2159,18.46432231,0.212,0
25,80660,2.958883951,-0.0457,0.49,0.074,4.2,0.2231,117.7440245,0.326,1
26,74898,2.615376112,0.1817,0.476,0.067,9.2,0.2933,1690.617075,0.337,0
27,42063,0.035943834,-0.0685,0.472,0.031,14,0.1956,191.2045889,0.134,0
28,48650,20.42301835,-0.0431,0.494,0.357,5.7,0.1853,23.82427217,0.23,0
29,58301,7.705939427,0.0631,0.507,0.143,5.5,0.1996,62.72826117,0.356,1
30,68634,487.537422,0.149,0.506,0.314,4,0.2145,12.48491221,0.32,0
31,49712,15.94017437,0.0565,0.494,0.169,5.7,0.1499,28.277744,0.129,0
32,40676,11.14766791,0.0313,0.5,0.115,7.3,0.1776,18.03036313,0.158,0
33,56150,113.9953082,0.064,0.508,0.378,4.4,0.1894,18.14225245,0.319,1
34,54242,28.94060798,0.1024,0.511,0.147,4.4,0.1361,29.77469066,0.252,0
35,47024,38.77172836,0.0844,0.485,0.646,16.4,0.1993,9.355105783,0.148,0
36,41950,75.65088592,0.01,0.515,0.026,4,0.1435,71.54440523,0.183,0
37,70775,329.425496,0.2071,0.503,0.171,2.6,0.2253,32.24177029,0.324,0
38,50083,63.41923755,0.0141,0.507,0.026,3.2,0.1751,26.71511007,0.16,0
39,43841,45.04139904,0.0329,0.502,0.152,3.1,0.1619,35.23608175,0.204,0
40,44105,25.77146987,-0.0302,0.525,0.048,3.8,0.1577,44.80286738,0.276,1
41,45786,146.6343849,0.0338,0.519,0.059,3.7,0.1699,30.18533798,0.202,0
42,47098,78.45781281,0.0714,0.507,0.03,3.5,0.1965,22.06287921,0.159,0
43,40233,23.47492236,-0.0049,0.481,0.025,5.5,0.1584,73.37295473,0.138,0
44,52684,515.8332269,0.0234,0.523,0.062,3.4,0.2147,28.06759698,0.341,1
45,48945,240.3165191,0.0163,0.511,0.148,3.3,0.196,7.823073373,0.197,0
46,52158,253.9231777,0.151,0.5,0.171,2.4,0.2222,41.80829226,0.328,1
47,107589,2261.556906,0.0964,0.507,0.223,2.9,0.2492,23.33472344,0.46,1
48,62640,66.85694007,0.0418,0.456,0.145,3.8,0.1694,25.155967,0.203,0
49,58394,133.9387851,-0.0037,0.505,0.172,5.1,0.1914,31.9363463,0.265,1
50,68248,45.0043725,0.0071,0.502,0.13,3.8,0.15,21.78411938,0.187,0
51,59048,18.72461939,0.0059,0.491,0.604,12.8,0.2018,46.41017311,0.154,0
52,106555,1611.211601,0.0906,0.511,0.26,3.1,0.1959,12.13670086,0.417,0
53,48979,27.63587656,-0.0287,0.454,0.201,5.7,0.2148,71.91140515,0.143,0
54,86202,112.9134724,0.0611,0.501,0.132,3.5,0.1602,88.15461282,0.337,1
55,56926,167.6909213,0.0687,0.501,0.538,7.2,0.2223,13.01169752,0.207,0
56,51134,37.99285143,0.0069,0.504,0.121,3.6,0.201,81.14607769,0.298,1
57,48102,43.38813146,0.0369,0.487,0.85,18.3,0.2149,11.03661397,0.145,0
58,59605,1.771850937,-0.0281,0.499,0.234,3.5,0.1745,110.8708908,0.261,1
59,53245,110.6998646,0.0673,0.488,0.546,7.7,0.2251,6.665170706,0.161,0
60,57297,110.0747074,-0.0003,0.449,0.553,7.9,0.2458,6.538511835,0.135,0
61,46897,51.24380802,-0.0043,0.5,0.22,5,0.1696,46.59398006,0.158,0
62,53613,6.732385211,-0.1414,0.378,0.193,4.6,0.2642,65.41719818,0.12,0
63,72721,2473.975846,0.022,0.507,0.486,4.4,0.2348,12.25208577,0.318,1
64,61105,73.61811902,0.0411,0.518,0.588,6.9,0.2056,25.42475227,0.145,0
65,112069,497.4495777,0.0248,0.511,0.163,2.3,0.1411,34.77239535,0.588,0
66,52760,11.87383353,-0.0609,0.491,0.121,4.6,0.1599,116.2587921,0.234,0
67,52309,24.74059155,-0.0126,0.504,0.258,4,0.1741,57.63755202,0.247,1
68,59733,143.5059525,0.0788,0.495,0.61,8.1,0.2123,3.601267646,0.14,0
69,66226,4.737318882,0.0168,0.47,0.268,3.7,0.2233,138.4657989,0.306,1
70,76509,132.3116691,0.0438,0.491,0.594,6.2,0.2116,9.215294624,0.245,0
71,90230,184.0606551,0.0091,0.502,0.346,2.8,0.1876,87.11813219,0.349,1
72,69550,104.1531805,0.0099,0.509,0.098,3.3,0.1541,30.07368052,0.366,1
73,95761,4016.975137,0.0521,0.507,0.34,2.8,0.2112,17.31905991,0.399,0
74,97688,283.1033774,0.1253,0.512,0.144,3.1,0.1762,32.6363383,0.386,1
75,72905,342.8228483,0.1137,0.501,0.5,4.2,0.2076,13.3573712,0.218,0
76,71891,1608.943818,0.0859,0.511,0.236,3.7,0.2308,19.97348037,0.304,1
77,84209,45.22758531,0.12,0.499,0.608,5,0.2091,31.84307731,0.197,0
78,67398,108.6948068,0.0665,0.502,0.544,3.8,0.223,11.46744278,0.203,0
79,83576,793.5877413,0.0728,0.497,0.341,3.2,0.2373,47.62860472,0.381,1
80,121795,18807.18111,0.0866,0.49,0.152,2.2,0.3256,41.97157503,0.571,1
81,68458,547.786925,0.1008,0.501,0.42,5.9,0.2098,10.49664894,0.184,0
82,76599,85.82848249,0.0476,0.494,0.229,2.9,0.1741,84.77240376,0.346,1
83,135234,1709.543541,0.0628,0.505,0.24,2,0.2263,15.65408643,0.499,1
84,74530,163.2486742,0.0506,0.5,0.46,3.7,0.1956,49.27222681,0.338,1
85,132444,1494.343074,0.0758,0.493,0.25,2.5,0.2398,14.00522447,0.513,1
86,85770,613.7273401,0.0396,0.505,0.34,4.7,0.1802,43.92177532,0.4,1
87,61464,47.69823187,0.0159,0.509,0.105,4.7,0.1908,16.65926255,0.222,0
88,45954,6.935295267,-0.0313,0.503,0.132,6.5,0.16,91.8716553,0.225,0
89,85704,544.7335917,0.0766,0.502,0.273,3.7,0.216,22.33923015,0.262,0
90,87084,313.6950304,0.0212,0.512,0.273,2.7,0.1931,64.73329881,0.349,1
91,62761,368.3770764,0.0658,0.504,0.476,6,0.2134,5.448007845,0.169,0
92,60910,160.9717634,0.023,0.502,0.319,7.3,0.2051,10.31236143,0.177,0
93,51672,22.06454942,0.0249,0.503,0.258,5.5,0.1826,15.36475939,0.155,0
94,56776,96.63644759,0.0515,0.5,0.656,9.6,0.2103,6.435075451,0.143,0
95,91446,459.0043149,0.0268,0.505,0.432,3.6,0.199,17.73037071,0.331,0
96,70951,217.3079633,0.0891,0.515,0.319,4.1,0.1989,40.81632653,0.416,1
97,75341,443.1290803,0.1465,0.494,0.408,2.9,0.2441,19.32662184,0.236,0
98,38213,22.46337403,0.0485,0.501,0.476,3.6,0.2035,184.808723,0.261,1
99,82364,822.6913921,0.1288,0.504,0.198,2.7,0.2349,30.46040908,0.422,1
100,57604,10.39050493,0.1386,0.496,0.184,3.2,0.1484,142.5618362,0.389,0
101,88341,449.1270004,0.097,0.496,0.14,2.4,0.205,122.6256606,0.608,1
102,106892,2133.105285,0.2069,0.503,0.127,2.4,0.2302,70.9572128,0.555,1
103,60331,20.08677693,0.1251,0.47,0.1,2.4,0.1914,147.3766948,0.335,0
104,79900,24.54285765,0.0631,0.471,0.076,2.5,0.1808,309.2783505,0.465,0
105,51525,27.28602075,0.0067,0.497,0.153,3.3,0.1532,96.27109942,0.212,0
106,75456,4753.013072,0.1747,0.499,0.293,2.7,0.3279,99.00840334,0.479,1
107,123697,417.9170911,0.1871,0.5,0.091,2.4,0.1869,31.32528748,0.579,0
108,89268,32.72544864,0.0531,0.472,0.297,2.2,0.2372,54.41979429,0.481,1
109,72675,338.7260961,0.1362,0.495,0.177,3.3,0.2318,36.09091023,0.379,1
110,52239,31.2047476,0.0212,0.425,0.135,4.6,0.2149,41.80689396,0.182,0
111,73788,20.37649407,0.0611,0.489,0.293,2.7,0.2115,49.94921829,0.3,0
112,74806,41.64887655,0.1285,0.474,0.071,2.3,0.1688,160.1794009,0.387,0
113,71029,8.521770214,0.0566,0.465,0.096,2.1,0.208,190.6698869,0.378,0
114,60408,5.391003674,0.1224,0.459,0.096,2.1,0.2179,171.8016264,0.553,0
115,61391,0.733944297,-0.028,0.485,0.057,3.7,0.128,1219.512195,0.439,0
116,89696,762.725593,0.0829,0.501,0.156,2.5,0.2272,51.46848156,0.441,1
117,56850,21.56211944,0.1005,0.461,0.354,2.3,0.2457,123.0466347,0.34,0
118,77829,33.22600968,0.0869,0.496,0.128,2.5,0.206,106.7216876,0.439,1
119,75332,137.4802485,0.1605,0.502,0.119,2.4,0.2149,89.66122068,0.463,1
120,43452,3.03938758,-0.069,0.478,0.404,3.9,0.172,68.93699159,0.197,0
121,60249,46.32358198,0.0486,0.505,0.148,3.4,0.197,38.90798262,0.274,1
122,52641,12.90103556,0.0247,0.507,0.126,4.2,0.1695,190.9636023,0.286,0
123,50707,19.08247218,0.0347,0.508,0.209,3.1,0.1634,93.54974508,0.239,0
124,43723,14.48380734,-0.0303,0.51,0.422,4.1,0.1762,54.71058103,0.177,0
125,72836,9.143397348,0.1042,0.493,0.065,2.9,0.1383,807.7544426,0.486,0
126,77221,8.589937489,0.14,0.473,0.064,2.5,0.1587,53.06447334,0.302,0
127,92820,18.30334286,0.0348,0.482,0.105,3.1,0.2171,56.28412225,0.631,0
128,51075,70.58535588,0.0556,0.507,0.432,4.1,0.1954,23.74958438,0.22,0
129,48496,12.35473563,-0.0635,0.5,0.444,4.1,0.1812,88.75477057,0.237,0
130,87691,10.85424123,0.083,0.481,0.069,2.2,0.2201,117.0138076,0.504,0
131,37004,2.153683496,0.1049,0.503,0.364,4,0.1306,146.5416178,0.229,0
132,50524,1.878767859,0.0398,0.449,0.125,3,0.169,2747.252747,0.345,0
133,77209,6.357010783,0.1003,0.472,0.114,2.8,0.2294,244.528671,0.567,0
134,86570,50.97491937,0.0973,0.453,0.146,1.8,0.2815,225.7263552,0.51,0
135,70599,45.57539202,0.0803,0.493,0.071,3.1,0.1488,157.5547503,0.34,0
136,78160,81.38265135,0.2209,0.494,0.3,2.5,0.2294,40.06262096,0.267,0
137,52841,4.237429713,-0.0024,0.499,0.251,1.6,0.1814,99.81036032,0.221,0
138,96966,1509.596889,0.0281,0.513,0.205,3.6,0.1769,16.96115472,0.474,1
139,75336,1213.064398,-0.0026,0.514,0.188,3.9,0.1993,21.30713677,0.378,1
140,81015,195.8948901,-0.0532,0.505,0.071,3.5,0.1614,38.8170773,0.351,1
141,81721,439.8471707,-0.0199,0.513,0.066,3.2,0.1742,30.78135389,0.415,1
142,69687,1413.97604,-0.009,0.518,0.191,3.9,0.1963,22.22853981,0.349,1
143,75226,398.8791929,-0.0334,0.498,0.111,3.6,0.1908,37.70653756,0.333,1
144,90181,367.4204196,-0.0131,0.5,0.059,3.3,0.1677,6.634775512,0.412,0
145,63309,227.6851689,-0.0141,0.504,0.124,4,0.1904,34.25185388,0.241,1
146,58804,308.414324,0.1022,0.518,0.074,4.2,0.198,22.12560707,0.236,0
147,76076,1310.746776,0.0363,0.516,0.104,3.7,0.2105,16.10729607,0.359,1
148,64839,250.2192657,0.1583,0.516,0.093,3.8,0.1495,46.9633899,0.265,1
149,90395,11560.5589,0.1474,0.526,0.113,5.5,0.3236,24.08788394,0.576,1
150,49880,307.4706864,0.0807,0.518,0.105,2.9,0.2158,22.30126783,0.425,1
151,60454,49.91191512,0.0717,0.474,0.028,3.1,0.2186,34.23485108,0.134,0
152,58376,230.3420488,0.0335,0.504,0.067,3.9,0.1985,17.1718039,0.228,0
153,57582,592.6585958,0.0973,0.511,0.109,3.2,0.1691,19.93547551,0.293,1
154,61429,1614.152928,0.1048,0.513,0.311,3,0.2028,7.169273722,0.319,0
155,54756,277.694887,0.1532,0.513,0.077,3.7,0.1148,5.293526018,0.232,0
156,49762,257.2769969,0.0563,0.515,0.061,4.8,0.1259,13.3638921,0.176,0
157,76415,192.6124092,0.1647,0.507,0.286,3.1,0.1435,10.39225569,0.362,0
158,47087,89.88006129,0.058,0.482,0.067,3.2,0.1921,13.94972519,0.156,0
159,58339,1256.579707,0.0976,0.515,0.105,3.3,0.2355,20.88216715,0.292,1
160,52822,484.8970464,0.065,0.506,0.059,3.2,0.2084,15.70766157,0.264,0
161,62831,237.0550878,0.1684,0.519,0.109,3.8,0.137,8.689531721,0.244,0
162,47504,22.67520688,0.0475,0.431,0.057,3.5,0.2111,82.4742268,0.171,0
163,50705,410.3788259,0.109,0.518,0.148,4.2,0.1576,10.31353135,0.175,0
164,45723,104.484982,0.07,0.512,0.211,4.5,0.1416,9.414334265,0.17,0
165,61133,1442.803177,0.1649,0.511,0.297,3.1,0.2254,11.54916411,0.327,1
166,61173,318.0192972,0.1369,0.52,0.127,3.8,0.1374,18.75902778,0.283,0
167,57660,391.2248863,0.1909,0.516,0.167,3.2,0.1661,10.89567932,0.227,0
168,62364,982.2361134,0.197,0.51,0.225,3.1,0.1621,10.38183076,0.278,0
169,55081,440.2506103,0.0616,0.527,0.067,3.1,0.2042,17.03101689,0.457,1
170,64151,542.7866114,0.1994,0.517,0.169,3.1,0.1573,14.87899656,0.293,0
171,49079,230.7152964,0.0938,0.521,0.141,3.8,0.1613,2.735386879,0.194,0
172,54991,1431.689462,0.0812,0.514,0.694,2.4,0.209,6.625100297,0.288,0
173,67528,75.49004253,0.0153,0.482,0.253,2.1,0.1839,67.36002587,0.333,1
174,72818,136.6322407,0.1728,0.509,0.047,2.9,0.1724,45.13399154,0.282,0
175,63520,226.539833,0.142,0.493,0.097,2.7,0.2277,18.98091469,0.306,1
176,63133,1542.403443,0.1776,0.509,0.327,2.9,0.2428,13.63520236,0.338,1
177,52270,283.0616225,0.2849,0.506,0.558,3.3,0.2177,2.661336896,0.205,0
178,66621,759.8731421,0.118,0.515,0.234,3.3,0.177,10.0215798,0.357,0
179,55745,741.6754364,0.1611,0.514,0.165,3.5,0.1741,10.83136112,0.234,0
180,56708,3560.991822,0.06,0.52,0.102,3,0.1787,37.94887364,0.31,1
181,51817,403.1383268,0.1693,0.51,0.246,3.7,0.1942,5.518938929,0.2,0
182,90839,440.6389691,0.282,0.513,0.075,2.6,0.16,18.89130698,0.437,0
183,57292,574.0200655,0.1538,0.512,0.199,3.9,0.1701,9.138067055,0.203,0
184,66139,182.1985854,0.1787,0.49,0.059,3,0.2072,10.85110654,0.281,0
185,66258,780.2967611,0.1252,0.524,0.096,3.1,0.1259,13.83310816,0.347,0
186,69954,1525.853677,0.1041,0.516,0.225,2.9,0.219,14.83597767,0.382,1
187,63464,242.1137507,0.2945,0.503,0.059,4.6,0.0896,7.551729346,0.311,0
188,53554,502.514005,0.1061,0.512,0.15,3.4,0.1716,9.036950282,0.236,0
189,62600,71.38513432,0.2569,0.495,0.065,2.8,0.1841,13.50056027,0.284,0
190,60254,234.4454503,0.0704,0.507,0.092,3.3,0.2014,9.281776161,0.195,0
191,43066,613.2197852,-0.0156,0.532,0.035,3.9,0.1983,13.05832501,0.257,0
192,48788,118.3218417,0.118,0.51,0.042,3.7,0.1943,12.5615516,0.274,0
193,59193,240.4283115,0.0789,0.513,0.072,3.4,0.1982,8.333888926,0.206,0
194,57122,678.7169031,0.084,0.52,0.067,3.3,0.2301,20.73040113,0.332,1
195,88635,613.6802364,0.1717,0.508,0.111,2.7,0.187,7.728781596,0.37,0
196,41036,1076.602349,0.0905,0.526,0.11,3.6,0.2265,31.16939789,0.427,1
197,79622,2238.678365,0.0948,0.515,0.133,3,0.2195,13.15545405,0.465,1
198,88285,540.2254473,0.2084,0.512,0.071,3,0.2145,6.381050831,0.351,0
199,79232,336.8375929,0.1427,0.513,0.073,2.9,0.1901,6.733598637,0.298,0
200,63606,2837.623607,0.0888,0.528,0.085,3.4,0.244,9.219053941,0.434,1
201,37109,34.16339236,-0.1141,0.454,0.07,3.8,0.1895,74.68259895,0.113,0
202,36894,267.5964209,-0.0751,0.54,0.031,4.7,0.1933,22.73864205,0.214,0
203,47980,67.71772044,0.0957,0.515,0.026,3.3,0.133,114.5562853,0.213,0
204,94563,588.7610501,0.0686,0.516,0.075,3,0.1451,17.47930887,0.465,1
205,50520,193.1670429,0.0221,0.516,0.116,3.8,0.1927,10.15249041,0.204,0
206,113332,1090.308498,0.2814,0.504,0.097,2.7,0.1726,4.09413229,0.517,0
207,79235,2020.255015,0.1347,0.516,0.072,3.5,0.2469,23.49763191,0.514,1
208,58017,203.1956889,0.0664,0.53,0.068,3.3,0.1767,11.72442902,0.296,0
209,60973,47.2956754,0.1272,0.511,0.064,3.9,0.1446,54.57323728,0.258,0
210,72225,2175.387968,0.1398,0.512,0.217,3,0.2036,6.408544726,0.361,0
211,66698,520.4948292,0.1211,0.503,0.291,2.8,0.1919,4.891386757,0.24,0
212,72927,728.1631158,0.1306,0.524,0.072,3.5,0.1899,4.263283325,0.283,0
213,66645,214.8511907,0.1712,0.506,0.084,2.7,0.2019,13.7029475,0.21,0
214,46450,236.6741522,0.0696,0.517,0.06,3.5,0.2132,8.51745226,0.256,0
215,57078,118.7913746,0.1084,0.504,0.051,3.1,0.1623,29.75304969,0.262,0
216,47035,904.7253738,0.0301,0.514,0.077,4.5,0.2314,5.108061031,0.262,0
217,44810,624.4272738,0.0097,0.515,0.051,4.5,0.2299,9.875665373,0.213,0
218,47296,168.8986154,0.0412,0.522,0.037,3.2,0.1996,28.60330082,0.185,0
219,54786,127.9592498,0.1186,0.513,0.034,2.6,0.1548,32.46964089,0.214,0
220,53115,360.2098711,0.0194,0.502,0.363,4.4,0.1973,9.557670987,0.157,0
221,64929,50.02287499,0.0816,0.506,0.129,3.4,0.1797,9.924917995,0.295,0
222,86946,1622.262765,0.0219,0.498,0.1,2.6,0.2201,12.31321115,0.343,0
223,73029,116.6098884,0.072,0.506,0.114,2.7,0.1888,27.6651958,0.295,0
224,77375,144.1360079,0.0752,0.504,0.116,2.6,0.1941,17.91932719,0.266,0
225,72295,457.5318077,0.1853,0.499,0.085,2.5,0.2173,37.3764242,0.378,1
226,53306,78.96488092,0.0566,0.503,0.089,2.8,0.2162,22.77696793,0.272,0
227,75778,8.708247055,0.0715,0.498,0.235,2.6,0.1668,173.7543982,0.382,0
228,56729,26.36902569,0.1063,0.501,0.034,4.2,0.151,43.72636044,0.231,0
229,65165,63.80336931,0.1245,0.501,0.134,2.4,0.2102,16.79797081,0.301,0
230,50709,9.652677051,0.104,0.498,0.051,4.4,0.1462,81.66598612,0.19,0
231,58670,391.3189301,0.1781,0.504,0.256,3.2,0.2033,8.701364809,0.183,0
232,48866,1.966062044,0.024,0.476,0.036,4.5,0.14,119.9976,0.202,0
233,62764,133.1835627,0.1642,0.505,0.049,3.6,0.1924,36.2106737,0.249,0
234,54999,37.27523151,0.0714,0.492,0.045,2.7,0.2011,74.79804528,0.451,1
235,46062,1.759000497,0.0113,0.495,0.035,4.8,0.1481,124.579544,0.211,0
236,39239,4.898722841,0.0091,0.497,0.036,5.9,0.1612,155.2553951,0.116,0
237,73637,27.01488021,0.1624,0.475,0.167,2.2,0.209,164.7175095,0.415,0
238,56141,45.22038941,0.1111,0.507,0.171,2.8,0.2086,23.02078777,0.206,0
239,64041,3.108733352,0.1343,0.481,0.047,3.9,0.1601,263.3426966,0.301,0
240,55942,76.51408673,-0.0255,0.507,0.018,3.4,0.1814,15.28234125,0.248,0
241,53485,210.4749133,0.0411,0.503,0.063,3.8,0.2013,23.84483688,0.444,1
242,51573,45.53855002,-0.0773,0.491,0.017,4.8,0.1837,30.95591877,0.166,0
243,67201,79.23051773,-0.0053,0.482,0.032,3.1,0.2001,26.62265055,0.225,0
244,69375,5448.102559,-0.0086,0.514,0.256,3.8,0.2354,16.50410768,0.38,1
245,64676,166.1584617,-0.0025,0.504,0.117,4.1,0.1935,19.0663222,0.314,1
246,96354,2818.087994,0.0065,0.508,0.146,2.9,0.1935,22.7538435,0.488,1
247,51333,27.52922002,-0.0825,0.51,0.013,4.2,0.167,58.27166249,0.167,0
248,58943,71.03098102,-0.0069,0.501,0.023,3.3,0.1922,29.40484592,0.225,0
249,43695,94.08176791,-0.0284,0.508,0.017,5.4,0.1711,25.99495698,0.159,0
250,61680,59.43364703,-0.0322,0.501,0.06,4.8,0.1691,40.88892523,0.226,0
251,37308,97.16118141,-0.0611,0.504,0.047,3.8,0.1859,35.24229075,0.36,1
252,63351,58.96211725,-0.0557,0.513,0.014,4.4,0.1655,45.92844349,0.205,0
253,62522,35.32766471,-0.068,0.499,0.032,4.1,0.1374,47.09206499,0.238,0
254,84311,1023.737737,0.0322,0.502,0.324,4.4,0.1861,16.90448777,0.331,0
255,60763,162.3841929,-0.0327,0.507,0.108,5,0.1827,18.20465675,0.21,0
256,105586,402.6722025,0.1105,0.505,0.2,3.3,0.2058,7.752538957,0.354,0
257,43404,69.37373935,-0.0648,0.495,0.06,5,0.1744,40.2422584,0.185,0
258,92638,1569.939369,-0.0099,0.5,0.224,4.1,0.1745,24.40652659,0.45,1
259,59528,95.73315338,-0.0484,0.495,0.103,5.3,0.1832,18.40451279,0.179,0
260,89379,510.2599429,-0.0032,0.502,0.139,3.3,0.1784,19.49482412,0.337,0
261,69230,144.9384727,0.0113,0.515,0.052,3.8,0.1906,23.32130343,0.448,1
262,52259,179.1130881,-0.065,0.521,0.024,5.3,0.1772,19.22910517,0.225,0
263,66591,367.4854873,-0.024,0.513,0.034,3.9,0.1972,11.40831895,0.258,0
264,54159,58.05630264,-0.1203,0.519,0.032,5.6,0.157,72.61109498,0.132,0
265,90904,89.96366338,0.0485,0.502,0.016,3.1,0.1734,57.74172128,0.325,0
266,63565,66.76079064,-0.0564,0.504,0.105,4.8,0.1747,19.7460656,0.2,0
267,57717,289.3675641,-0.0408,0.515,0.051,5.1,0.1988,16.7430335,0.304,1
268,56880,47.34686856,-0.0686,0.448,0.032,5.1,0.2037,47.81028877,0.117,0
269,58444,55.22502172,-0.0533,0.449,0.033,3.7,0.2049,31.46435089,0.128,0
270,57772,331.7751546,-0.0399,0.507,0.132,4.9,0.1862,35.24129716,0.232,0
271,57726,394.804176,-0.0399,0.518,0.043,4.5,0.1984,11.5524133,0.273,0
272,61768,224.1984932,-0.0143,0.52,0.024,4,0.1896,25.68422783,0.342,1
273,51786,78.82406917,-0.0722,0.514,0.043,4.4,0.1584,67.41876039,0.193,0
274,66206,203.0944229,-0.0272,0.508,0.025,4.4,0.1853,7.587080719,0.264,0
275,51575,40.27727054,-0.0694,0.499,0.053,5.7,0.1758,60.04924038,0.228,0
276,53621,31.054286,-0.0512,0.506,0.099,4.1,0.1621,59.36832106,0.23,0
277,90249,825.3511736,0.0191,0.504,0.182,3.8,0.1858,17.37259733,0.34,0
278,56958,158.5080531,0.0036,0.502,0.027,4.3,0.1974,15.0156914,0.226,0
279,59510,550.4341965,-0.0449,0.512,0.135,5.7,0.1867,21.23352632,0.226,0
280,56838,577.0491155,0.0632,0.511,0.077,3.1,0.2057,21.09153992,0.282,1
281,71181,205.8917495,0.0834,0.497,0.072,2.5,0.2106,23.87233078,0.323,1
282,84137,160.4183366,0.1651,0.503,0.032,2.5,0.1908,14.73991421,0.483,0
283,59441,317.286881,0.0682,0.513,0.057,3.3,0.2075,8.452942469,0.209,0
284,54349,73.34802625,-0.0254,0.504,0.015,3.5,0.1838,38.13155386,0.168,0
285,71351,162.1393025,-0.0119,0.503,0.014,3.6,0.1699,20.21917587,0.216,0
286,59714,119.8239367,0.0288,0.504,0.028,2.8,0.1868,23.00172513,0.177,0
287,45912,291.0686416,-0.031,0.518,0.026,3.9,0.1671,8.7615543,0.243,0
288,63869,100.0212981,0.0198,0.498,0.087,2.4,0.1694,70.19842756,0.222,0
289,55782,445.4973336,0.0426,0.506,0.168,3.1,0.1901,19.38538633,0.192,0
290,64614,530.78717,0.0502,0.515,0.035,3.2,0.1959,50.94113752,0.295,1
291,67315,59.19933408,-0.0145,0.502,0.013,3.4,0.1626,43.94059232,0.198,0
292,47509,158.8339282,-0.0653,0.521,0.044,3.7,0.1611,15.20473171,0.171,0
293,51918,58.84293864,-0.0389,0.5,0.016,4.1,0.1695,31.326358,0.148,0
294,107710,857.3149668,0.1877,0.512,0.043,2.5,0.196,38.4602868,0.578,1
295,77905,255.4376242,0.1045,0.507,0.026,2.8,0.1889,25.58591751,0.303,0
296,64270,83.61952959,0.0284,0.5,0.021,3.2,0.1818,24.68221646,0.174,0
297,85827,418.5460703,0.146,0.5,0.043,2.7,0.2003,23.48644539,0.363,0
298,54048,281.6653416,-0.0025,0.514,0.035,4,0.1785,24.22950184,0.212,0
299,65352,59.97230288,0.0025,0.503,0.062,3.7,0.1711,29.79560217,0.149,0
300,74427,493.6132099,0.117,0.507,0.038,2.7,0.205,25.28972542,0.318,0
301,64677,149.5273636,0.0264,0.5,0.082,2.8,0.1906,12.58558196,0.227,0
302,57280,973.0079104,-0.0217,0.516,0.196,4.9,0.1888,24.71714319,0.221,1
303,56427,183.6673636,-0.0144,0.485,0.069,4.3,0.1965,36.40069889,0.179,0
304,56261,101.0089766,-0.0168,0.505,0.017,3.6,0.1711,22.04099625,0.155,0
305,54145,286.7109965,-0.016,0.5,0.044,3.7,0.1894,15.43579097,0.18,0
306,50707,2433.981499,0.0634,0.518,0.109,3.3,0.2395,29.02811788,0.304,1
307,53113,376.2423671,0.0705,0.503,0.036,3.3,0.2016,53.89709697,0.456,1
308,54366,75.97505415,0.0056,0.492,0.049,3.1,0.1766,26.0837811,0.181,0
309,74064,407.4800372,0.0355,0.505,0.104,3.7,0.1893,23.47569385,0.282,0
310,68435,62.08203218,-0.019,0.5,0.012,2.7,0.1732,39.3282731,0.207,0
311,64098,78.19731629,-0.0103,0.476,0.02,3.5,0.185,26.61273153,0.161,0
312,61219,63.44612545,-0.0174,0.502,0.019,3.3,0.1713,35.30574778,0.181,0
313,53881,593.7009938,0.018,0.513,0.091,3.6,0.1972,22.07294372,0.292,1
314,54001,74.38521806,-0.016,0.501,0.041,4.3,0.1742,43.48771472,0.108,0
315,59444,111.976798,0.0118,0.493,0.037,2.7,0.1584,28.90674683,0.206,0
316,51228,391.615947,0.1173,0.489,0.087,2.9,0.1985,20.43610651,0.377,0
317,53866,43.75279115,-0.0655,0.506,0.018,3.3,0.173,141.7635384,0.169,0
318,51603,777.1752864,0.0096,0.515,0.028,3.1,0.207,11.02225945,0.263,0
319,48082,265.3968506,-0.0076,0.495,0.028,4.3,0.1931,9.342476504,0.245,0
320,59874,75.1538428,-0.061,0.515,0.027,3.1,0.1627,32.26222738,0.184,0
321,79644,163.7098346,0.0525,0.509,0.02,2.9,0.1778,15.87351979,0.296,0
322,47885,163.9966147,-0.046,0.516,0.032,3.6,0.1735,30.35638395,0.182,0
323,58295,47.71492205,-0.0224,0.502,0.088,2.7,0.1607,41.49033275,0.168,0
324,60010,231.9462537,0.0011,0.508,0.046,3.2,0.1919,30.48129972,0.286,1
325,63975,45.89822051,-0.0027,0.493,0.027,2.4,0.189,38.11847221,0.248,0
326,61379,35.41217027,-0.0323,0.505,0.029,1.9,0.1646,49.59087528,0.222,0
327,54589,74.69475448,-0.0401,0.51,0.051,2.7,0.1697,70.67137809,0.227,0
328,53223,22.54093886,-0.0331,0.493,0.02,3.7,0.1515,56.98330389,0.172,0
329,97535,158.8129432,0.2923,0.507,0.063,2,0.2323,10.70056606,0.494,0
330,70091,29.44322517,-0.0443,0.493,0.016,2.4,0.1562,58.78549174,0.166,0
331,53547,93.64298537,-0.0349,0.513,0.034,4,0.1744,51.32548053,0.205,0
332,66211,45.34347856,0.0342,0.503,0.022,2.9,0.1547,57.94414185,0.313,0
333,62481,159.9707384,0.0376,0.507,0.026,2.6,0.1882,41.10532211,0.305,1
334,55847,17.30323796,-0.0606,0.494,0.134,2.3,0.162,99.30486594,0.177,0
335,63234,25.61417319,-0.0609,0.504,0.062,2.9,0.1645,67.69105801,0.243,0
336,56695,22.00519394,-0.0269,0.507,0.045,2.7,0.1699,104.6243984,0.208,0
337,66861,27.59622615,-0.0106,0.499,0.032,2.2,0.1686,61.78942165,0.191,0
338,57687,30.56259129,-0.021,0.5,0.016,3.2,0.1572,51.44297546,0.188,0
339,67295,246.1403166,0.134,0.504,0.058,2,0.2185,33.08191081,0.53,1
340,51089,65.03541906,-0.0655,0.496,0.037,3.9,0.1766,59.42300264,0.157,0
341,64783,316.239817,0.0683,0.507,0.034,2.9,0.2042,35.28799414,0.33,1
342,59242,38.70455784,-0.0129,0.492,0.024,2.5,0.1763,45.2591084,0.223,0
343,66381,59.96566486,-0.0017,0.501,0.02,2.1,0.1679,30.07247466,0.264,0
344,55631,68.76669211,-0.0325,0.495,0.23,4.5,0.18,25.40069598,0.19,0
345,72679,34.53983088,0.0033,0.497,0.035,2.3,0.16,66.18571712,0.237,0
346,61247,22.56502953,-0.0179,0.503,0.017,1.7,0.161,94.46438693,0.177,0
347,56397,17.76973358,-0.0341,0.503,0.027,3.1,0.1622,129.7521733,0.166,0
348,61767,97.5246246,-0.0019,0.499,0.183,2.9,0.1906,46.87792987,0.22,1
349,60702,14.94416631,-0.0846,0.492,0.085,1.9,0.1534,167.8415576,0.181,0
350,52179,28.24044476,-0.0546,0.469,0.037,2.6,0.1826,66.19447938,0.213,0
351,67331,854.2441116,0.1214,0.507,0.087,2.8,0.2279,26.52189791,0.361,1
352,65724,377.5314404,0.0446,0.509,0.07,3.3,0.2005,34.69351174,0.319,1
353,64151,169.5425074,0.078,0.478,0.037,1.9,0.185,41.18743371,0.511,1
354,50533,80.97806328,-0.0188,0.501,0.111,3.7,0.1907,28.59675713,0.18,0
355,79557,90.31864057,0.1018,0.507,0.031,2.5,0.1837,19.4303035,0.317,0
356,63230,38.61400933,0.0119,0.507,0.065,2.5,0.1757,45.52697473,0.215,0
357,53344,50.17194904,-0.0587,0.483,0.055,3.1,0.1809,27.85204991,0.196,0
358,50258,25.85339423,-0.0494,0.507,0.051,2.8,0.1596,96.58103149,0.224,0
359,65482,28.97800739,-0.0533,0.502,0.024,2.9,0.1398,100.0450203,0.297,0
360,58419,118.1289913,0.0091,0.502,0.174,2.7,0.1959,19.39732511,0.23,0
361,60139,18.4468276,-0.0294,0.493,0.034,2.8,0.1763,135.4829969,0.155,0
362,54251,21.64287363,-0.0531,0.497,0.132,2.6,0.1578,79.60515841,0.177,0
363,46690,24.72301785,-0.081,0.508,0.038,3.5,0.1679,80.84727949,0.204,0
364,50754,28.7904847,-0.0735,0.505,0.153,3.1,0.1787,38.79126421,0.184,0
365,47452,22.87122465,-0.044,0.507,0.028,4.2,0.1697,68.80418329,0.206,0
366,66199,46.79539229,0.0154,0.497,0.051,3.2,0.1856,14.94522575,0.29,0
367,62715,13.04575985,-0.0516,0.506,0.028,4.5,0.1654,122.2643355,0.229,0
368,42723,65.820441,-0.0081,0.501,0.061,3.9,0.175,25.76124478,0.295,1
369,62559,268.187711,0.0935,0.502,0.065,2.9,0.2081,32.71742776,0.504,1
370,51237,31.72865791,0.0035,0.496,0.059,2.3,0.1912,35.02258957,0.348,1
371,54604,30.61084195,-0.0068,0.481,0.56,2.5,0.2019,29.74508462,0.176,0
372,52986,2.459723888,-0.0224,0.5,0.031,2.1,0.1517,379.3626707,0.227,0
373,60615,20.07110453,-0.0221,0.498,0.048,2.9,0.1577,75.92437932,0.213,0
374,91913,1272.566147,0.0966,0.509,0.079,2.8,0.2116,6.640095219,0.553,0
375,75840,176.6476316,0.0677,0.467,0.073,3.4,0.2153,12.23121896,0.317,0
376,49840,39.16934325,-0.0149,0.514,0.218,3.4,0.1827,30.12501883,0.273,1
377,53371,49.3871809,-0.0405,0.497,0.097,3.2,0.1841,16.12955257,0.205,0
378,51996,121.7375047,0.042,0.47,0.084,2.8,0.2299,40.4138377,0.46,1
379,56741,75.28758374,-0.0255,0.504,0.118,3,0.1845,18.44201829,0.262,1
380,60014,517.3291148,0.0343,0.506,0.15,3.5,0.2096,19.37826766,0.309,1
381,59451,325.128305,-0.006,0.516,0.128,3.3,0.1875,22.61484099,0.308,1
382,46263,6.041870633,-0.0727,0.491,0.04,2.6,0.1539,184.9796522,0.203,0
383,47292,1091.220317,0.0479,0.502,0.298,4.3,0.2214,6.044889348,0.174,0
384,78806,542.2209053,0.1106,0.505,0.044,3.4,0.191,7.486094579,0.316,0
385,47046,68.30066375,-0.01,0.511,0.068,3.8,0.1688,50.53567819,0.189,0
386,53644,166.8433526,0.0542,0.501,0.034,4.7,0.1776,33.26679973,0.234,0
387,66520,618.5000132,0.0347,0.509,0.022,3.5,0.214,53.4279364,0.335,1
388,46390,98.20307372,-0.0496,0.47,0.081,5.6,0.2257,14.19224819,0.173,0
389,58981,1139.267193,0.0846,0.511,0.074,3.3,0.2216,34.03970887,0.429,1
390,57711,178.0232898,0.0488,0.501,0.058,4.1,0.2048,9.012419114,0.23,0
391,51475,61.64562416,0.0021,0.509,0.025,4.3,0.1735,52.94927459,0.148,0
392,53199,103.5337979,-0.023,0.517,0.028,3.8,0.1853,22.11900022,0.179,0
393,59025,2015.575055,0.0335,0.517,0.059,4,0.2145,26.08388316,0.327,1
394,68692,1042.109204,0.0436,0.505,0.034,3.6,0.2172,11.97619133,0.304,0
395,48219,262.9932782,-0.0022,0.52,0.027,4.9,0.1827,30.57262527,0.246,0
396,50316,212.6423245,0.1083,0.515,0.027,3.9,0.1852,10.75419145,0.305,0
397,55267,88.15620767,0.0274,0.51,0.031,4.6,0.1735,45.59339808,0.175,0
398,47542,40.8565678,0.0063,0.499,0.035,5.1,0.1788,41.67708594,0.133,0
399,36875,73.55563379,-0.1235,0.512,0.01,5.8,0.1712,17.27831917,0.13,0
400,43568,98.69108516,0.0295,0.512,0.026,4.7,0.1795,30.77917481,0.153,0
401,74719,202.309718,0.1725,0.508,0.043,3.5,0.2102,17.54262859,0.286,0
402,53238,245.3766617,0.1438,0.51,0.056,3.9,0.1979,7.524680954,0.306,0
403,83072,436.5941217,0.1531,0.508,0.06,4.1,0.2142,7.898644593,0.268,0
404,38316,48.22484425,-0.0481,0.497,0.021,5.8,0.2037,24.91032284,0.121,0
405,54080,151.226643,0.0792,0.506,0.069,4.3,0.2234,15.74319697,0.256,1
406,45613,273.4130187,-0.0615,0.527,0.029,5.4,0.2012,8.326256016,0.235,0
407,53050,191.260545,0.0524,0.511,0.041,4.1,0.2144,4.915550837,0.219,0
408,56303,966.3683039,-0.0003,0.523,0.044,4.4,0.2112,6.817267685,0.347,0
409,60053,909.4596606,0.0933,0.514,0.046,4.3,0.2337,12.27546135,0.321,1
410,41608,99.08382124,0.0001,0.513,0.031,5.4,0.1787,21.39403534,0.365,0
411,49536,30.47155121,-0.0369,0.518,0.025,6,0.1697,26.20682426,0.178,0
412,45092,2302.780614,0.1187,0.528,0.055,4.9,0.2525,33.32103018,0.368,1
413,43235,251.109917,-0.0029,0.522,0.022,5.3,0.2054,13.04810183,0.243,0
414,49687,98.37005923,-0.0152,0.516,0.032,5.1,0.1943,7.713192645,0.205,0
415,71526,307.9873361,0.1024,0.514,0.059,4.2,0.1805,11.51989678,0.335,0
416,47860,170.3048877,0.1014,0.515,0.044,5.5,0.2128,7.420709717,0.194,0
417,51719,89.67336816,-0.0127,0.508,0.051,4.6,0.2067,9.052968921,0.158,0
418,65296,38.60977049,-0.0037,0.35,0.017,4.1,0.2305,64.23432682,0.222,0
419,58958,231.3972051,0.0053,0.51,0.019,3,0.186,46.17785864,0.222,0
420,40675,10.05121917,-0.0718,0.506,0.014,4.6,0.1498,29.82626202,0.189,0
421,75254,353.1950659,0.0452,0.516,0.022,2.4,0.2039,115.2530652,0.467,1
422,51136,17.79962266,-0.0188,0.509,0.013,3.8,0.1611,33.11367926,0.254,0
423,58926,34.65072944,0.0103,0.515,0.016,3.5,0.1649,127.302817,0.323,1
424,55358,140.9782323,0.0012,0.513,0.017,2.9,0.1763,49.05888702,0.271,1
425,55910,108.9243949,0.0009,0.504,0.016,2.9,0.161,150.8599014,0.31,1
426,58619,75.98208057,0.0051,0.51,0.013,3,0.1494,115.4934457,0.327,1
427,50344,27.91500549,0.0024,0.506,0.015,3.6,0.162,51.74644243,0.19,0
428,50702,44.784159,-0.0117,0.504,0.015,3.2,0.1906,78.87057339,0.271,1
429,65841,141.3350677,0.0157,0.514,0.019,2.3,0.1755,27.88933512,0.355,0
430,45333,12.86412226,-0.0345,0.503,0.012,4.5,0.1644,59.42476824,0.165,0
431,51073,54.41022142,0.0234,0.506,0.016,3.2,0.1641,151.0764195,0.296,0
432,39068,12.24469887,-0.0471,0.51,0.026,4.6,0.1485,63.7368941,0.208,0
433,66803,209.5874385,0.0506,0.512,0.018,2.7,0.1835,48.16004546,0.314,1
434,100916,1396.074254,0.0718,0.505,0.084,3.1,0.2135,8.632089967,0.409,0
435,76972,1382.863504,0.027,0.527,0.058,3.7,0.2011,10.87784184,0.386,0
436,111056,434.0799054,0.0409,0.504,0.044,3.2,0.1811,43.23155904,0.311,1
437,60143,104.5836347,0.0102,0.511,0.078,3.6,0.1897,59.86948452,0.169,0
438,101810,376.3379841,0.0078,0.505,0.039,2.9,0.1782,17.80975618,0.356,0
439,48709,59.04413192,-0.0216,0.525,0.061,4.8,0.174,31.31949012,0.208,0
440,102951,393.1213942,0.1008,0.507,0.105,3.2,0.197,42.38153398,0.406,1
441,91492,584.4141582,0.0416,0.51,0.048,3.3,0.1917,11.74439499,0.358,0
442,121329,1298.910031,0.1185,0.511,0.073,2.7,0.1942,12.28161749,0.614,0
443,110012,2138.787674,0.0751,0.516,0.201,2.9,0.1956,10.46933057,0.59,0
444,85357,1883.869805,0.0505,0.519,0.195,3.8,0.215,5.498572021,0.327,0
445,101350,135.4662981,0.0513,0.504,0.043,3.1,0.1621,79.39501002,0.349,1
446,75714,138.4571271,-0.0162,0.527,0.072,3.4,0.1461,53.79091471,0.386,1
447,54351,276.7009219,0.0471,0.527,0.055,4.6,0.1793,38.60668475,0.268,1
448,65821,111.6338267,0.0157,0.515,0.037,7.4,0.1527,57.38771138,0.304,1
449,49780,7332.106147,-0.0463,0.531,0.057,5.1,0.263,26.9591737,0.312,1
450,82686,540.9640788,-0.0136,0.522,0.034,3.9,0.1353,28.17033664,0.428,1
451,58805,134.8086208,-0.0502,0.517,0.051,3.5,0.1636,48.02151364,0.334,1
452,69857,1021.914821,0.03,0.516,0.086,3.7,0.1921,14.15385595,0.28,0
453,76036,167.8725362,0.046,0.507,0.039,4.1,0.166,115.3934918,0.442,1
454,83253,1601.89458,0.0581,0.518,0.222,3,0.187,22.81270516,0.394,1
455,60143,100.3547737,-0.017,0.513,0.042,2.7,0.18,113.9925905,0.372,1
456,59918,755.698869,0.0062,0.517,0.263,4.1,0.1964,19.29789953,0.272,1
457,74142,305.0326692,0.0171,0.534,0.059,2.7,0.1567,93.26618168,0.465,1
458,106543,1970.733061,0.0674,0.51,0.083,2.3,0.2257,18.61389751,0.552,1
459,96030,253.4800978,0.1076,0.486,0.152,4.2,0.2184,87.7269936,0.517,1
460,106851,1784.31224,0.0508,0.519,0.05,2.5,0.1956,14.14877436,0.53,0
461,90584,790.8083299,0.0504,0.514,0.042,3,0.1698,23.0237029,0.367,0
462,75843,13823.76105,0.1019,0.517,0.233,2.6,0.3082,17.41494974,0.448,1
463,77795,549.8004329,0.0386,0.507,0.122,3.1,0.1936,27.69009248,0.359,1
464,52285,9.953336903,-0.0541,0.447,0.017,7.8,0.1738,219.5871761,0.174,0
465,66568,143.0884201,0.0565,0.5,0.075,3.1,0.1829,59.28134077,0.227,0
466,43676,49.67124821,-0.042,0.506,0.015,4.7,0.164,35.20506953,0.175,0
467,58317,49.03059262,-0.011,0.502,0.025,5.1,0.1399,42.87429257,0.282,0
468,67703,111.2834754,0.0386,0.496,0.031,3.2,0.1751,32.49390739,0.201,0
469,50130,233.1574354,-0.045,0.509,0.055,4.7,0.1813,19.39375133,0.189,0
470,56934,55.57015239,0.0136,0.501,0.025,5.1,0.1549,112.5745807,0.293,1
471,50659,270.1925329,-0.0222,0.511,0.058,4,0.1766,104.3017973,0.277,1
472,50205,189.9642186,-0.0148,0.51,0.055,4.1,0.1849,44.7230525,0.212,0
473,58831,62.79258008,0.0074,0.505,0.022,4.6,0.1548,114.7534713,0.31,1
474,47876,35.33800107,-0.0347,0.501,0.015,8.7,0.1416,39.56322203,0.205,0
475,49610,23.96593986,-0.0314,0.446,0.02,6.3,0.199,80.3234357,0.21,0
476,42480,54.84525487,0.0008,0.5,0.021,6.1,0.1551,32.31017771,0.121,0
477,72666,140.5259107,0.0529,0.507,0.046,3,0.1861,12.56360324,0.314,0
478,49114,25.21931401,-0.0032,0.489,0.022,5.6,0.1475,285.1236724,0.188,0
479,48880,30.55599199,-0.0359,0.503,0.016,5.2,0.1525,55.89090096,0.215,0
480,53751,33.14814815,-0.0368,0.497,0.017,4.2,0.1635,39.62122113,0.265,0
481,65891,191.7120876,0.0228,0.509,0.057,3.4,0.1923,45.34407081,0.268,1
482,59456,71.47685318,0.0216,0.506,0.018,5.4,0.1671,149.6333982,0.337,0
483,50554,637.0920771,-0.0492,0.518,0.036,4.9,0.1839,14.78513503,0.209,0
484,39030,12.6832261,-0.1755,0.493,0.018,5.2,0.146,71.55635063,0.198,0
485,65041,200.4776765,0.0656,0.511,0.03,3.4,0.1885,118.1677552,0.351,1
486,51046,71.61579273,-0.0434,0.461,0.063,4.4,0.1983,49.12677163,0.14,0
487,50015,76.24558418,-0.0237,0.501,0.024,4.2,0.1605,21.92742024,0.17,0
488,45006,35.36223899,-0.0265,0.459,0.018,4.9,0.1497,112.0950566,0.332,0
489,54704,525.7965907,0.0394,0.513,0.08,3.5,0.2042,23.93931725,0.385,1
490,59582,113.2444373,0.0122,0.46,0.048,3.4,0.2056,61.82666893,0.161,0
491,43605,45.76066844,-0.0302,0.504,0.026,6,0.1397,79.59565408,0.163,0
492,46677,122.0094399,-0.0063,0.514,0.041,3.8,0.1771,42.93565377,0.292,1
493,56001,225.9052028,-0.011,0.489,0.036,3.8,0.1879,31.54375118,0.214,0
494,56739,471.9348785,0.0556,0.511,0.052,3.3,0.1988,71.68026077,0.381,1
495,66560,775.6733589,0.0827,0.507,0.108,2.9,0.2283,60.88697095,0.352,1
496,47318,3.917705957,-0.0189,0.489,0.017,6.9,0.1153,472.5897921,0.304,0
497,66415,136.2443119,-0.0081,0.493,0.047,5.4,0.1657,11.41461299,0.178,0
498,72888,62.68092669,0.0024,0.507,0.045,3.7,0.1344,183.815082,0.428,1
499,55466,131.3459319,-0.0146,0.495,0.082,3.9,0.177,30.47201146,0.209,0
500,87827,339.6614619,0.0574,0.499,0.026,3.3,0.1682,31.25081382,0.348,0
501,44986,10.57099423,-0.0291,0.492,0.02,9.3,0.1442,92.60116677,0.218,0
502,65051,1823.727158,0.0378,0.513,0.028,4.2,0.1975,12.58621558,0.245,0
503,50047,45.29751046,-0.0071,0.484,0.035,5.5,0.1549,40.71992833,0.2,0
504,54913,36.8828595,-0.0057,0.497,0.016,4.8,0.1749,104.9490997,0.315,1
505,49869,58.86808612,0.0151,0.505,0.046,4.9,0.1614,68.62475981,0.232,0
506,47705,78.28367902,0.0151,0.497,0.024,4.7,0.1575,69.04011231,0.219,0
507,69859,161.0760615,-0.0057,0.505,0.029,3.7,0.1864,24.05118091,0.34,0
508,64341,273.9381937,-0.0101,0.506,0.037,3.9,0.1764,6.644518272,0.191,0
509,50730,347.6562656,0.0079,0.505,0.058,4.3,0.1941,23.04598827,0.191,0
510,51772,60.23088917,0.0106,0.497,0.06,4.2,0.1716,40.83299306,0.159,0
511,81257,1449.392218,0.0439,0.51,0.043,3.4,0.1983,24.65044085,0.464,1
512,52319,51.68619195,-0.0039,0.494,0.151,5.9,0.1625,37.78289946,0.188,0
513,41347,37.2625504,-0.0334,0.502,0.023,6.7,0.1483,47.62585131,0.121,0
514,47343,41.42014968,-0.0029,0.497,0.023,4,0.1628,42.62574595,0.138,0
515,69827,517.9185294,0.096,0.506,0.102,2.8,0.1852,68.53305006,0.335,1
516,48471,238.1398151,-0.0505,0.514,0.087,4.8,0.1813,20.99307753,0.211,0
517,60208,220.6525507,-0.0246,0.503,0.035,4.9,0.1685,18.85274747,0.183,0
518,54024,121.7840513,-0.0054,0.5,0.084,4.3,0.1797,32.80624631,0.157,0
519,49917,42.7710931,-0.0472,0.501,0.038,4.7,0.1551,48.57906242,0.142,0
520,50256,6.909928476,-0.0483,0.508,0.013,7,0.1275,123.5483074,0.158,0
521,58733,124.5765251,-0.0077,0.503,0.117,4.6,0.172,145.3545992,0.209,0
522,76728,520.7071172,0.0621,0.504,0.049,2.9,0.2062,54.40681609,0.552,1
523,50753,2858.029996,-0.0407,0.518,0.061,5.1,0.2044,14.86272275,0.233,0
524,53146,59.5236831,0.0266,0.498,0.021,4.5,0.1773,29.73447117,0.179,0
525,83363,843.7649228,0.0731,0.5,0.049,3.1,0.2034,28.01740441,0.297,0
526,61311,26.17314589,0.0557,0.501,0.023,4,0.1622,29.05034425,0.245,0
527,54638,18.83797616,0.0582,0.501,0.026,4.3,0.1853,21.19182843,0.281,0
528,63395,100.1442563,0.0596,0.5,0.028,3.9,0.2227,24.45645528,0.226,0
529,60408,90.464054,0.0538,0.497,0.039,2.8,0.1971,14.78131051,0.336,0
530,65749,41.64359325,0.0135,0.478,0.018,4.5,0.188,27.87767277,0.225,0
531,101891,296.5892895,0.1337,0.503,0.044,2.8,0.1802,28.54723139,0.481,0
532,54984,20.30554686,-0.0543,0.499,0.081,3.9,0.1768,84.74576271,0.191,0
533,64874,61.4349424,0.0813,0.504,0.047,3,0.2061,15.57098813,0.335,0
534,58664,3.761679074,0.0525,0.501,0.024,4.3,0.1523,183.0496064,0.424,0
535,60384,65.1139281,0.0393,0.503,0.015,4.3,0.1713,92.22965183,0.243,0
536,89075,763.1544307,0.071,0.506,0.076,2.9,0.2033,20.97799408,0.418,1
537,86436,47.655688,0.0405,0.5,0.049,3.4,0.186,47.76917933,0.244,0
538,67592,59.84779539,0.0559,0.5,0.017,3.2,0.1739,26.21850502,0.254,0
539,62716,24.45953791,0.0095,0.498,0.018,3.3,0.1642,47.46760336,0.211,0
540,56716,42.8249989,-0.0322,0.501,0.102,3.4,0.1708,33.02400845,0.167,0
541,71497,61.22842669,0.0034,0.504,0.034,3,0.1755,21.57962883,0.25,0
542,55247,10.89462931,-0.0077,0.495,0.023,4.5,0.1676,167.4480911,0.194,0
543,82323,2286.603287,0.0896,0.505,0.07,2.8,0.2458,33.96945751,0.492,1
544,58660,16.91705508,0.0016,0.494,0.016,6,0.1529,22.15820962,0.227,0
545,64129,54.21663309,0.0222,0.496,0.126,3.5,0.1836,46.29736799,0.234,0
546,62762,3.911525622,-0.0591,0.502,0.025,3.6,0.1417,232.6663564,0.239,0
547,52545,3.939666309,-0.0885,0.5,0.013,6.4,0.1453,81.77283506,0.176,0
548,61082,5.044820727,-0.0211,0.487,0.014,3.6,0.1499,93.97613006,0.298,0
549,56244,2.881646761,-0.0816,0.475,0.017,4.1,0.146,267.3796791,0.193,0
550,75519,64.3707104,0.041,0.495,0.068,4.5,0.1736,34.61764808,0.224,0
551,55328,10.50568507,-0.0456,0.495,0.023,3.8,0.1534,177.3364072,0.184,0
552,63849,35.64996033,-0.015,0.501,0.072,3.2,0.1908,39.25571171,0.254,1
553,61847,29.67480903,0.0056,0.496,0.019,5.2,0.1715,29.95267477,0.171,0
554,71067,76.42019737,0.0451,0.496,0.049,2.5,0.195,29.17663535,0.326,0
555,80631,242.2793943,0.0887,0.512,0.052,2.6,0.2171,31.58699374,0.44,1
556,59901,29.78903364,0.0246,0.497,0.037,4.2,0.1538,51.06730671,0.251,0
557,55684,20.95885393,-0.0058,0.464,0.03,5.5,0.1735,33.80776903,0.145,0
558,68652,3615.490237,0.0757,0.512,0.075,3,0.2379,41.79378944,0.419,1
559,72438,135.1102719,0.0423,0.489,0.085,3.1,0.1763,44.79483963,0.275,1
560,63451,19.30750018,-0.0399,0.505,0.035,2.3,0.1601,107.3537305,0.23,0
561,60228,31.86445051,-0.0058,0.499,0.018,4,0.1771,55.25694479,0.287,1
562,108718,418.0169212,0.1281,0.502,0.053,2.7,0.1942,46.97576721,0.393,1
563,66449,119.9248325,0.0648,0.496,0.036,3.2,0.183,31.04144032,0.278,0
564,100857,682.9359689,0.0926,0.506,0.045,2.8,0.1846,22.86236854,0.432,0
565,64219,80.61883789,-0.0194,0.505,0.031,2.9,0.1677,19.80825608,0.298,0
566,91374,209.2002957,0.0988,0.494,0.031,3.3,0.19,21.67990345,0.284,0
567,34583,66.37659032,-0.0523,0.48,0.101,7.1,0.2007,32.58071873,0.178,0
568,37533,34.08472654,-0.0169,0.506,0.054,5.6,0.1863,58.4692744,0.124,0
569,40224,160.6149504,-0.0005,0.528,0.03,5.1,0.2134,26.70333925,0.276,0
570,50401,100.5429047,0.0777,0.512,0.039,5.6,0.1756,20.99428955,0.232,0
571,49619,362.5125001,0.1008,0.511,0.056,5.2,0.2072,9.611687812,0.223,0
572,44773,266.5621145,-0.058,0.533,0.016,5.2,0.2086,4.313319531,0.291,0
573,53414,198.7079975,0.0275,0.509,0.068,6,0.1974,13.92592799,0.208,0
574,41733,98.01164372,0.0049,0.515,0.047,5.4,0.1856,14.68471908,0.205,0
575,41604,105.3459611,-0.0828,0.516,0.023,5.5,0.1936,13.49072513,0.2,0
576,41631,108.2210646,0.0386,0.501,0.017,5.6,0.1926,20.16657592,0.435,0
577,46606,77.11286812,-0.0747,0.524,0.022,6,0.1848,22.03565369,0.233,0
578,31018,60.58578168,-0.1646,0.539,0.017,7.6,0.1829,22.77437427,0.188,0
579,40515,25.92003494,-0.0471,0.521,0.017,5.7,0.1691,82.59002313,0.142,0
580,58029,263.2905076,0.0988,0.515,0.035,2.4,0.2169,16.62390629,0.46,1
581,49216,214.1132817,-0.021,0.494,0.069,3.1,0.2068,11.44636235,0.207,0
582,41327,61.14854701,-0.0074,0.514,0.022,4.7,0.1851,23.541598,0.138,0
583,52872,21.15419343,-0.0448,0.492,0.025,3.2,0.1625,110.864745,0.183,0
584,57618,136.3288306,0.0405,0.516,0.025,2.9,0.1868,12.67893142,0.305,0
585,70705,629.1197036,0.1121,0.509,0.071,2.9,0.2193,20.00416087,0.327,0
586,61847,194.9079365,0.0098,0.495,0.029,2.6,0.2015,13.03016483,0.329,0
587,61428,112.6792467,0.0238,0.504,0.019,3.2,0.1841,19.23687324,0.201,0
588,53751,28.40076245,-0.0351,0.5,0.016,3.4,0.1639,67.999456,0.189,0
589,45313,434.006018,0.0611,0.514,0.039,2.7,0.2047,23.88377473,0.302,0
590,40177,43.26458509,-0.0071,0.513,0.022,4.1,0.1763,24.92708827,0.165,0
591,57907,1163.03589,0.041,0.516,0.092,3.7,0.2258,31.29396268,0.309,1
592,68779,342.7826063,0.0282,0.503,0.021,3.1,0.1971,4.44284502,0.202,0
593,62264,52.0469167,-0.0206,0.504,0.031,3.1,0.1784,30.57355999,0.201,0
594,50803,65.29739726,-0.0088,0.514,0.019,3.2,0.1841,35.05082369,0.209,0
595,53251,93.21264796,0.0021,0.502,0.056,3.3,0.1773,17.17150903,0.197,0
596,57032,40.34117979,0.0086,0.502,0.025,2.6,0.1732,52.25752508,0.16,0
597,46573,66.3501959,-0.0131,0.478,0.028,3.3,0.174,44.87021291,0.295,1
598,84456,248.5018682,0.1446,0.506,0.063,2.7,0.2093,19.15378575,0.418,0
599,55620,96.15627153,0.0063,0.437,0.118,4.1,0.2539,19.00887715,0.259,1
600,89236,717.3392097,0.1033,0.509,0.034,2.5,0.1999,9.949704245,0.378,0
601,61662,35.84872774,-0.014,0.492,0.013,2.7,0.1664,55.88465407,0.177,0
602,43886,148.7429379,0.0276,0.466,0.017,3.7,0.2175,29.75526296,0.14,0
603,70161,1957.867271,-0.0048,0.525,0.03,3.1,0.1934,10.05828778,0.432,0
604,38914,21.57371401,-0.024,0.475,0.022,4.5,0.177,39.37317899,0.141,0
605,46309,4855.126072,-0.0623,0.516,0.042,3.9,0.2777,66.53891196,0.35,1
606,49771,1.705817645,0.0219,0.488,0.055,2.9,0.1606,105.7865228,0.355,0
607,57585,5.234802234,0.0603,0.494,0.024,3.4,0.1411,93.24009324,0.32,0
608,51732,30.15612874,0.0005,0.495,0.047,3.4,0.2061,49.16058304,0.26,1
609,49379,3.013721658,-0.026,0.501,0.037,2.9,0.1877,87.70391159,0.225,0
610,56677,3.631319658,-0.041,0.482,0.03,2.4,0.1794,116.1035644,0.21,0
611,41780,12.40954204,-0.0173,0.464,0.037,3.2,0.1734,218.8183807,0.174,0
612,48703,2.546198526,-0.0485,0.489,0.022,3.1,0.1673,90.49773756,0.289,0
613,61334,20.40348608,0.1241,0.502,0.03,4.7,0.1868,86.70019074,0.299,0
614,73731,43.96760427,0.2178,0.481,0.04,2.3,0.2395,131.0799238,0.49,0
615,41808,4.590550469,0.0257,0.515,0.036,7.5,0.1939,72.71140842,0.19,0
616,49646,1.956102037,0.0888,0.488,0.024,5.7,0.1367,295.945546,0.266,0
617,51881,5.686186919,0.0235,0.494,0.04,3.7,0.198,121.3297743,0.245,0
618,70929,7.378685796,0.0667,0.49,0.029,3.3,0.1472,81.82636445,0.34,0
619,49019,20.43955307,0.0562,0.507,0.048,4.2,0.1594,32.83209666,0.28,0
620,66075,20.07385161,0.0869,0.505,0.034,3,0.1909,72.01290471,0.386,1
621,43669,5.530159018,0.0147,0.499,0.033,7.2,0.1337,100.1001001,0.202,0
622,43946,0.778456407,-0.0156,0.488,0.018,3.5,0.1332,537.056928,0.261,0
623,57279,46.11663962,0.0861,0.5,0.034,3.2,0.2283,83.61204013,0.425,1
624,51740,5.924233597,0.0584,0.497,0.033,3.4,0.1805,180.6575936,0.324,0
625,47679,0.769255462,-0.0756,0.495,0.038,3.7,0.1548,252.9084471,0.205,0
626,57209,18.32257622,0.082,0.504,0.037,4,0.1475,91.31169246,0.271,0
627,69095,5.183425514,0.0978,0.479,0.055,2.7,0.1999,92.56687957,0.19,0
628,38409,4.673022215,0.0526,0.499,0.041,4.3,0.1972,90.87604507,0.171,0
629,51111,1.973072245,-0.0227,0.486,0.042,2.2,0.1677,302.2061046,0.236,0
630,49249,48.59584928,0.0205,0.497,0.047,3.8,0.1844,85.92295575,0.264,1
631,51869,1.501476201,0.0037,0.496,0.028,3.2,0.1608,135.2082207,0.209,0
632,42059,1.493821999,-0.0198,0.482,0.047,3.8,0.1279,470.3668862,0.198,0
633,61435,61.25407949,0.0826,0.508,0.058,3.2,0.2083,43.39739616,0.31,1
634,55182,55.6800267,0,0.502,0.11,3.2,0.1759,63.76940981,0.249,1
635,61522,10.02796447,-0.0487,0.502,0.129,3.2,0.1748,92.73856997,0.182,0
636,64759,51.29468491,0.0716,0.5,0.093,2.6,0.1984,20.13733664,0.347,0
637,72915,47.08617516,0.0384,0.495,0.037,3.3,0.167,38.09814081,0.274,0
638,50677,0.95446262,-0.0042,0.49,0.033,2.4,0.1654,175.7778168,0.212,0
639,63829,10.83892928,-0.0547,0.491,0.09,3.2,0.1691,161.2123166,0.184,0
640,67264,1739.43767,0.0949,0.507,0.129,3.3,0.2282,19.2534223,0.389,1
641,57371,112.3086864,0.0448,0.494,0.29,3.5,0.1954,16.29912148,0.209,0
642,54474,4.173024446,-0.0366,0.5,0.055,2.6,0.1518,99.33445912,0.212,0
643,61383,380.9811497,0.1056,0.498,0.074,2.8,0.2064,34.47303269,0.388,1
644,60924,13.61664355,-0.0394,0.504,0.091,3.5,0.1802,28.64180558,0.221,0
645,58275,61.28228542,0.0064,0.503,0.158,2.8,0.1929,28.49084019,0.224,0
646,47006,6.061590211,-0.0612,0.507,0.019,2.9,0.1374,382.7018752,0.175,0
647,61420,16.73613813,-0.017,0.499,0.058,2.6,0.1709,110.6929378,0.259,0
648,62804,49.65440711,0.0368,0.492,0.204,2.9,0.1829,29.87750224,0.222,0
649,84016,783.2796351,0.1515,0.499,0.101,2.9,0.2207,10.68398897,0.401,0
650,50263,48.17142525,-0.038,0.514,0.242,3.7,0.1791,28.07569207,0.224,0
651,72291,30.24703025,0.0309,0.488,0.026,2.9,0.1645,57.85697755,0.292,0
652,47981,7.31980396,-0.0245,0.501,0.034,3.2,0.1558,240.5002405,0.228,0
653,57655,21.18916722,-0.0224,0.498,0.066,2.6,0.1532,106.5530101,0.345,1
654,62131,287.2375112,0.1392,0.501,0.316,4,0.2212,7.499840077,0.239,0
655,83287,3.073879456,0.075,0.48,0.247,3,0.2211,18.94728864,0.182,0
656,48490,2.558750108,0.0554,0.489,0.153,5.1,0.1436,21.49474453,0.115,0
657,88003,15.68157614,0.0274,0.488,0.08,3.7,0.1302,242.5418385,0.287,0
658,71733,74.81618808,0.1063,0.495,0.25,3.2,0.2192,42.41610624,0.305,1
659,58126,386.5285977,0.0115,0.487,0.248,3.9,0.1936,35.76793762,0.223,1
660,68752,153.1686622,0.0198,0.506,0.018,2.5,0.1632,16.31241538,0.324,0
661,64495,52.53146679,0.0223,0.506,0.016,2.5,0.1386,122.6742997,0.336,0
662,65326,107.6684686,-0.0136,0.51,0.02,2.6,0.1798,78.85917066,0.326,1
663,62468,52.60339582,0.0085,0.506,0.025,2.2,0.1767,77.87642124,0.405,1
664,82862,475.9804095,0.0391,0.503,0.073,2.6,0.2042,26.37731551,0.373,1
665,75800,162.0687366,0.0327,0.506,0.023,2.3,0.1871,59.44871227,0.356,1
666,91416,445.8904307,0.047,0.505,0.033,2.7,0.1811,58.10781582,0.407,1
667,71486,354.0429568,0.0573,0.509,0.028,2.3,0.1959,22.9651007,0.356,0
668,63518,80.29956469,-0.0138,0.505,0.017,2.3,0.1722,46.3542391,0.268,0
669,62678,474.4792192,-0.0413,0.516,0.194,5.1,0.1764,18.96309781,0.274,1
670,107971,4000.712419,0.0291,0.514,0.21,2.9,0.181,5.36364436,0.483,0
671,88443,557.6789185,-0.0076,0.508,0.085,3.3,0.1898,17.96343991,0.375,0
672,73168,2288.999968,-0.0142,0.517,0.176,4,0.2068,15.79557369,0.318,1
673,66565,366.0694044,-0.0568,0.513,0.081,7.2,0.1538,65.18975652,0.315,1
674,54179,309.1297759,-0.0493,0.491,0.318,5.5,0.2098,13.37551078,0.147,1
675,64522,6330.420245,0.0188,0.519,0.238,4.5,0.2082,7.509621703,0.348,0
676,87996,905.6877999,0.0115,0.514,0.067,3.7,0.1875,24.00252369,0.319,1
677,77738,14556.75348,0.0567,0.502,0.427,3.3,0.3012,2.974459801,0.409,0
678,117275,290.7093888,-0.032,0.507,0.07,2.8,0.1462,32.16183837,0.52,0
679,79475,1636.243804,0.0025,0.511,0.185,3.2,0.187,8.16482051,0.42,0
680,92770,2670.846902,0.0184,0.506,0.221,3.1,0.2027,4.848120505,0.427,0
681,102579,1319.974914,-0.0187,0.513,0.111,3.2,0.1649,19.39252903,0.449,0
682,116328,1068.816999,-0.0009,0.508,0.139,2.8,0.1722,8.132643414,0.536,0
683,75627,965.6557689,0.0504,0.517,0.095,3.7,0.1618,8.234708969,0.292,0
684,112722,1089.860278,0.0167,0.511,0.152,3,0.1738,6.080247101,0.545,0
685,100281,270.6824864,-0.0625,0.503,0.092,3.4,0.1698,14.23609134,0.349,0
686,79953,5408.98352,0.0357,0.511,0.328,3.7,0.1973,7.189835011,0.351,0
687,83998,294.93329,-0.0325,0.51,0.102,3.3,0.1697,28.49895979,0.318,1
688,56148,585.0315464,0.0244,0.51,0.503,4.4,0.2193,42.70225777,0.339,1
689,40436,5.876223708,-0.0202,0.488,0.385,6.3,0.2105,37.48828491,0.134,0
690,42754,3.177437295,-0.1515,0.492,0.492,4.7,0.1581,251.2352399,0.205,0
691,43618,57.30646609,0.0411,0.51,0.688,5.7,0.1913,22.9152822,0.275,1
692,63671,13.99996073,0.0792,0.494,0.505,3.1,0.2131,51.31713992,0.159,0
693,43175,6.814880257,-0.0932,0.508,0.504,4.8,0.1462,37.03978072,0.273,0
694,38162,0.294056483,-0.112,0.49,0.469,5.1,0.136,1600,0.243,0
695,63012,16.18562984,0.0893,0.486,0.601,3.9,0.217,14.07063459,0.13,0
696,122001,177.4254124,0.0733,0.489,0.185,3.2,0.1964,103.2577831,0.665,1
697,44928,7.558946503,-0.0728,0.503,0.432,4.5,0.1868,54.05405405,0.251,1
698,71118,39.54778812,0.1035,0.509,0.399,4.8,0.1899,40.88641753,0.3,1
699,46201,22.48439934,-0.0491,0.505,0.206,5.7,0.2033,16.13449717,0.152,0
700,61791,78.74562562,0.0412,0.516,0.509,3.9,0.1687,59.85714096,0.409,1
701,33661,2.582223886,-0.1109,0.498,0.31,6.8,0.1274,92.66981744,0.205,0
702,43032,14.85309404,-0.0065,0.511,0.565,6,0.156,91.67863582,0.28,0
703,69408,584.3604869,0.0043,0.516,0.063,3.6,0.1957,19.63954881,0.413,1
704,49411,44.77862797,-0.0619,0.492,0.017,5.5,0.1536,21.69620967,0.202,0
705,41470,33689.82801,0.0233,0.528,0.564,5.4,0.2267,2.820462739,0.198,0
706,52179,269.9024889,-0.0531,0.507,0.044,4.7,0.1682,10.49934904,0.283,0
707,50783,58.17785761,-0.0552,0.503,0.021,5.1,0.1656,13.13766964,0.191,0
708,58055,110.7258431,-0.0451,0.487,0.031,4.3,0.1862,65.29460928,0.223,0
709,50143,119.6942916,-0.0631,0.507,0.078,4.7,0.1712,39.40017178,0.217,0
710,58400,204.8744084,-0.0644,0.505,0.032,4.2,0.1862,23.96472393,0.239,0
711,51894,52.83096152,-0.0693,0.499,0.023,4.4,0.1689,21.18329909,0.183,0
712,59069,77.54959281,-0.0204,0.486,0.03,4.4,0.188,24.84935081,0.229,0
713,71563,93.68289205,-0.0611,0.5,0.05,3.2,0.164,33.63549217,0.313,1
714,55143,95.3985885,-0.0369,0.511,0.028,4.9,0.1655,21.01679242,0.269,0
715,84564,369.7924915,-0.0111,0.503,0.129,3.6,0.1788,37.38724347,0.352,1
716,60620,881.0858038,-0.0004,0.516,0.058,4.3,0.2046,21.76984485,0.337,1
717,55091,20.557588,-0.0674,0.483,0.03,4.7,0.1756,244.0016267,0.276,0
718,48943,30.7049393,-0.0315,0.449,0.036,4.9,0.209,79.96481548,0.194,0
719,62570,116.2016976,-0.0489,0.502,0.035,3.9,0.1846,17.45810056,0.215,0
720,54746,72.91539509,-0.0431,0.479,0.063,4.5,0.1742,84.76731372,0.221,0
721,55778,43.44336047,-0.0522,0.504,0.023,4.9,0.172,16.30815897,0.21,0
722,53829,86.57958836,-0.0582,0.475,0.078,5.6,0.2336,45.52324417,0.223,1
723,66501,36148.65285,0.0216,0.526,0.189,4.1,0.2597,7.42215623,0.365,1
724,56599,20.62950751,-0.0301,0.493,0.018,5.5,0.1733,38.02859751,0.163,0
725,61713,108.3330025,-0.0353,0.506,0.023,4.5,0.16,84.57732482,0.27,0
726,62159,1128.673702,-0.0035,0.518,0.092,4.2,0.2043,25.61440878,0.377,1
727,117767,4765.886006,0.0128,0.512,0.175,3.4,0.1781,5.158726649,0.452,0
728,93007,71343.72947,0.0263,0.526,0.256,3.5,0.302,3.069921766,0.608,0
729,56371,400.6459159,-0.0343,0.512,0.033,5,0.1847,14.33479389,0.238,0
730,56516,188.6056833,-0.0271,0.502,0.062,4.3,0.1839,17.49237988,0.247,1
731,61597,591.641722,-0.0141,0.518,0.052,3.9,0.1949,39.08557134,0.355,1
732,66754,170.4439769,0.0168,0.511,0.051,3.9,0.1713,100.2031391,0.345,1
733,83188,474.2474307,0.0315,0.499,0.216,3.8,0.1793,25.97807451,0.298,1
734,53115,103.1337298,-0.0627,0.501,0.051,4.7,0.1889,24.78191911,0.159,0
735,57640,123.0746598,-0.0426,0.499,0.027,5.4,0.1826,8.537959769,0.186,0
736,52414,59.39203354,-0.0465,0.515,0.038,4.2,0.1509,67.23480073,0.309,1
737,105600,426.8991629,-0.0141,0.501,0.164,3.7,0.1701,20.34174125,0.399,0
738,72975,20766.76003,0.0103,0.515,0.282,3.5,0.2304,7.098938797,0.315,0
739,70688,243.2655714,-0.0045,0.506,0.052,3.8,0.2065,31.50320703,0.301,1
740,86624,8157.323968,0.0156,0.514,0.186,3.9,0.1984,6.300628173,0.33,0
741,99831,1877.205416,0.0433,0.509,0.184,3.6,0.1731,9.208414035,0.406,0
742,51742,40.19583812,-0.039,0.49,0.024,5.5,0.1733,18.56320772,0.236,0
743,89071,283.7870872,0.0446,0.506,0.034,3.4,0.1848,34.80333938,0.414,1
744,64960,759.3489018,0.0037,0.512,0.074,3.8,0.1988,25.75676598,0.314,1
745,58927,49.85212739,-0.0565,0.499,0.034,4.7,0.159,96.7773154,0.223,0
746,52215,54.23457283,-0.0301,0.502,0.02,4.7,0.1712,449.2615264,0.223,0
747,51064,105.083332,-0.0363,0.475,0.037,3.8,0.1962,146.9896519,0.209,0
748,53167,68.59040141,-0.0379,0.502,0.017,4.6,0.1773,83.8759056,0.231,0
749,105241,1618.989508,-0.0113,0.508,0.202,3.7,0.1779,18.28523752,0.356,0
750,58851,77.91499506,-0.028,0.487,0.168,4,0.179,39.7709195,0.232,1
751,60699,92.94796395,-0.0606,0.503,0.021,4.1,0.1666,20.74559675,0.255,0
752,59176,215.2748663,0.006,0.509,0.054,3.6,0.1832,58.71990605,0.527,1
753,64090,157.9500727,-0.0277,0.504,0.106,3.8,0.186,84.47230153,0.322,1
754,63240,73.7572553,-0.0276,0.509,0.028,4.6,0.1751,109.4707869,0.3,1
755,56897,73.63471867,-0.0329,0.483,0.029,4.1,0.1827,49.01640416,0.204,0
756,101741,2247.416358,0.019,0.515,0.255,3.8,0.1788,12.40302386,0.482,1
757,58214,67.24465454,-0.0576,0.458,0.033,4.4,0.2066,75.26531022,0.165,0
758,60612,73.67593001,-0.0175,0.513,0.023,3.7,0.1572,160.5587444,0.244,0
759,57963,399.8391293,0.1084,0.525,0.131,3.8,0.184,17.69817532,0.24,0
760,41542,63.83657761,-0.0029,0.51,0.051,3.7,0.1504,36.7606514,0.19,0
761,45823,71.05594386,-0.0137,0.458,0.051,3.7,0.1877,113.9146779,0.206,0
762,63712,168.6240293,0.2478,0.523,0.049,5.2,0.1366,14.00364095,0.286,0
763,55448,397.7495614,0.0876,0.521,0.068,3,0.2091,126.3443227,0.392,1
764,47890,178.4365578,-0.0047,0.5,0.065,3.7,0.1751,33.15466652,0.166,0
765,72071,598.3513431,0.1776,0.512,0.111,3.6,0.1989,18.47976235,0.312,0
766,48512,174.2661685,-0.0104,0.505,0.059,4.1,0.1699,24.33741391,0.153,0
767,60058,137.2303462,0.0432,0.51,0.044,4.2,0.1554,57.57632462,0.284,1
768,53688,400.157002,0.0325,0.511,0.101,3.6,0.177,12.53517684,0.219,0
769,70258,109.1639365,0.1472,0.522,0.121,3.4,0.1436,40.28467839,0.413,1
770,42764,62.824696,0.0408,0.513,0.033,4.5,0.1358,104.8511114,0.192,0
771,46012,210.9780895,-0.0013,0.519,0.038,4,0.1739,10.20960315,0.174,0
772,53372,144.0691832,-0.0134,0.495,0.076,4.1,0.193,19.58115901,0.257,1
773,46599,514.3358653,0.0479,0.504,0.121,5.1,0.2354,14.90272988,0.25,1
774,70699,106.0255411,0.1519,0.502,0.044,3.6,0.187,36.01916219,0.231,0
775,63033,96.52339471,0.0835,0.509,0.077,4.7,0.1615,54.04090897,0.33,1
776,53924,303.2686479,0.0282,0.511,0.074,3.7,0.1751,11.93253346,0.185,0
777,65541,1124.182184,0.1677,0.523,0.137,3.4,0.2596,24.88428806,0.475,1
778,40784,101.8569823,-0.0987,0.538,0.05,5.9,0.1745,19.42803855,0.127,0
779,53054,936.657781,0.0827,0.527,0.133,3.7,0.1936,26.15781007,0.338,1
780,57371,141.7277834,0.1301,0.505,0.09,4,0.1789,14.35029059,0.213,0
781,56542,630.6516079,0.0821,0.517,0.076,3.9,0.1971,22.26883832,0.206,0
782,54300,113.7065673,0.0087,0.492,0.085,3.4,0.1802,16.54451301,0.223,0
783,55820,831.919889,0.0908,0.527,0.084,4.1,0.1999,27.92391292,0.353,1
784,55619,228.5360857,0.1566,0.505,0.134,4.6,0.2316,14.70847797,0.207,0
785,51612,112.5481315,0.0527,0.517,0.043,3.4,0.169,64.1879423,0.25,0
786,61651,314.733507,0.0909,0.52,0.103,3.3,0.1591,51.09992591,0.318,1
787,42374,67.06225571,-0.0419,0.502,0.041,5.2,0.1806,42.23508046,0.146,0
788,43112,8.057777052,-0.1768,0.466,0.098,8.6,0.1863,202.5521572,0.094,0
789,68308,316.8273696,0.123,0.508,0.08,3.6,0.1824,16.50110557,0.275,0
790,47759,89.53143626,0.0835,0.508,0.062,4.1,0.1666,45.51868542,0.305,1
791,62835,264.5510736,0.1933,0.51,0.141,3.6,0.1933,9.553881503,0.218,0
792,46275,20.01028238,-0.0779,0.514,0.051,3.9,0.165,106.1683831,0.131,0
793,53114,242.3095478,0.0633,0.512,0.196,4.5,0.1897,16.18673012,0.209,0
794,39947,139.6661433,-0.0634,0.522,0.079,3.8,0.1689,17.87342044,0.145,0
795,70479,289.0232196,0.0911,0.504,0.075,3.5,0.169,11.61291821,0.214,0
796,46370,103.8474109,0.0166,0.502,0.064,3.8,0.1723,21.85505726,0.169,0
797,46279,69.5518254,0.054,0.515,0.074,3.9,0.1497,83.66333872,0.242,0
798,50062,48.39068443,0.0456,0.507,0.024,3.6,0.1664,45.9664445,0.276,0
799,69455,2119.639128,0.1718,0.519,0.138,3.6,0.2491,31.52142196,0.448,1
800,47675,67.58044485,-0.0411,0.506,0.062,4.6,0.1633,66.82705159,0.188,0
801,63942,144.5597362,0.1252,0.517,0.071,3.8,0.1817,19.82553529,0.369,1
802,50902,174.4944088,-0.0164,0.521,0.074,4.8,0.1748,21.20935757,0.209,0
803,57252,1224.18474,0.1356,0.524,0.058,3.6,0.1949,59.70836727,0.393,1
804,74314,373.0946482,0.0988,0.523,0.086,3.3,0.1774,53.88076187,0.576,1
805,52522,37.81456422,-0.0328,0.491,0.043,3.8,0.1528,78.5792865,0.194,0
806,51245,175.528914,-0.021,0.511,0.058,4.6,0.201,25.11048614,0.205,0
807,60405,72.49984192,0.1719,0.502,0.075,3.9,0.1746,15.8579131,0.264,0
808,54553,100.6571133,0.0007,0.517,0.045,4.2,0.1678,25.32286655,0.153,0
809,52961,277.2222861,0.0697,0.531,0.065,4.2,0.1986,16.59824501,0.318,1
810,50129,183.5960113,0.0133,0.507,0.12,3.8,0.1749,13.92108139,0.158,0
811,44686,160.9227108,-0.0289,0.517,0.063,4.4,0.1661,10.98780354,0.15,0
812,52051,277.8553466,0.0258,0.506,0.094,4,0.183,14.07578402,0.187,0
813,44547,118.8139346,-0.0117,0.517,0.048,4.9,0.1591,14.91891569,0.173,0
814,48637,134.8883619,-0.0263,0.513,0.111,3.7,0.1636,41.79262499,0.168,0
815,46075,27.02861385,0.0203,0.521,0.058,4,0.1844,140.1443487,0.16,0
816,55628,90.83872263,0.0377,0.518,0.034,3.7,0.1436,145.4122437,0.315,1
817,86138,379.8121991,0.1608,0.507,0.115,3.5,0.159,12.50734807,0.348,0
818,84377,1331.101184,0.1896,0.514,0.104,3.3,0.2225,32.38106032,0.518,1
819,51630,179.7341916,0.0907,0.502,0.04,3.5,0.1601,71.20351745,0.416,1
820,42414,222.1802735,0.0069,0.526,0.108,5.8,0.1789,12.22478943,0.196,0
821,73565,58.5709272,0.1497,0.499,0.028,2.4,0.2146,20.91481396,0.351,0
822,63977,103.0762005,0.1767,0.495,0.028,2,0.2474,16.49049323,0.394,1
823,57388,48.35154583,0.0373,0.487,0.047,2.1,0.2219,28.79728154,0.345,1
824,86890,5.442841291,0.5767,0.464,0.097,1.6,0.2526,66.56017039,0.261,0
825,68051,16.28224496,0.1241,0.495,0.041,3,0.2253,63.76737661,0.263,0
826,68634,33.59742986,0.0882,0.477,0.064,2.5,0.2502,14.78393282,0.283,0
827,52554,126.4546637,0.0065,0.508,0.015,4.2,0.1681,18.69718047,0.211,0
828,47388,138.5335596,-0.0438,0.495,0.044,4.8,0.1734,10.28372806,0.141,0
829,43621,129.7205311,0.0087,0.504,0.019,5.3,0.176,76.53803175,0.297,1
830,64227,113.7458706,-0.0064,0.5,0.018,3,0.1728,21.90292623,0.189,0
831,58441,88.63384053,-0.0326,0.504,0.012,5,0.1732,23.02449807,0.142,0
832,68611,820.3170498,0.0392,0.51,0.05,3.8,0.1821,23.49047592,0.298,0
833,56999,68.20422241,-0.0714,0.5,0.013,5,0.1555,37.15538382,0.136,0
834,50832,337.3386368,-0.0317,0.515,0.036,4.3,0.1733,14.91613404,0.186,0
835,68724,456.5980978,0.0439,0.506,0.021,3.7,0.1901,19.37721627,0.28,0
836,52870,102.6905873,-0.0017,0.506,0.017,4.7,0.1763,23.82767823,0.187,0
837,52693,191.5479241,-0.0585,0.493,0.019,4.8,0.1735,19.63036032,0.148,0
838,49679,64.90362875,-0.0082,0.504,0.012,5.8,0.1743,54.64480874,0.125,0
839,52503,2701.435505,-0.0365,0.523,0.063,4.2,0.2051,35.62545341,0.319,1
840,56824,85.45895335,-0.0361,0.503,0.017,3.7,0.1642,19.56449436,0.147,0
841,60918,92.56549847,-0.0249,0.504,0.104,4.2,0.1779,52.51135558,0.167,0
842,110252,472.0784115,0.1671,0.503,0.028,3.1,0.172,19.12256128,0.544,0
843,60790,295.224163,-0.0379,0.511,0.045,4.9,0.1686,13.4651119,0.227,0
844,71782,312.3920771,0.0725,0.503,0.024,3.7,0.1855,31.73112315,0.272,0
845,64648,2474.230911,0.1165,0.512,0.058,3.5,0.2556,28.85880148,0.393,1
846,64334,103.9011649,-0.0136,0.503,0.088,4.1,0.1732,23.73830888,0.172,0
847,48094,64.08591087,-0.0347,0.506,0.014,5.4,0.1719,33.44705331,0.153,0
848,79865,234.0265491,0.0028,0.503,0.016,3.5,0.1399,10.67817062,0.381,0
849,69709,408.3276734,0.0436,0.508,0.03,3.7,0.1955,17.75809917,0.39,0
850,60251,2013.926733,0.0185,0.517,0.036,3.8,0.2175,41.59158773,0.371,1
851,62720,142.6213589,0.0132,0.505,0.058,3.2,0.1966,13.19557157,0.267,0
852,51155,66.6765872,-0.0221,0.501,0.019,4.2,0.1572,31.88267177,0.166,0
853,61351,64.91670873,-0.0448,0.505,0.078,4.6,0.1734,37.02880841,0.18,0
854,51016,67.08392374,-0.0395,0.504,0.011,4.6,0.1697,35.38069629,0.148,0
855,62596,104.0392111,0.0363,0.5,0.01,3,0.1847,22.74795268,0.089,0
856,50671,77.11799079,-0.0251,0.509,0.011,6.2,0.185,30.85181871,0.153,0
857,59957,118.5969773,0.0225,0.511,0.016,3.9,0.1642,16.04569815,0.228,0
858,65040,1011.675085,0.0005,0.512,0.047,3.7,0.1805,26.07006765,0.279,0
859,66321,259.1384615,0.0586,0.509,0.021,3.7,0.1828,45.23300652,0.262,0
860,60624,99.62720509,-0.0041,0.504,0.021,3.6,0.1728,21.89525311,0.16,0
861,59201,630.8946632,0.0274,0.508,0.104,4.3,0.1744,9.682635484,0.24,0
862,49924,1256.686861,-0.0314,0.516,0.074,4.7,0.2039,23.34550412,0.263,1
863,48018,555.5641934,-0.0443,0.51,0.065,5.7,0.1761,17.49146198,0.241,0
864,51479,161.2182575,-0.0216,0.47,0.028,4.1,0.1969,15.362635,0.131,0
865,78540,426.5873675,0.0412,0.505,0.023,3.4,0.1711,33.38043684,0.333,0
866,43754,53.25995471,-0.0377,0.506,0.007,6.9,0.169,43.65477802,0.128,0
867,67075,89.03035794,0.0087,0.495,0.02,2.6,0.1753,72.86505392,0.167,0
868,63524,263.1388657,0.0419,0.507,0.019,3.7,0.1828,9.346930001,0.226,0
869,54704,1151.952214,-0.0065,0.519,0.033,4.2,0.1986,26.33128137,0.274,1
870,59498,86.99785017,0.0142,0.5,0.016,4.1,0.171,28.30615942,0.135,0
871,52105,129.7287456,0.0016,0.514,0.012,4.9,0.182,23.1978194,0.155,0
872,63352,158.9733129,-0.0223,0.503,0.051,5.6,0.1464,98.70450339,0.224,0
873,57439,333.3449601,0.0064,0.51,0.02,4.2,0.1696,6.155133997,0.287,0
874,51883,244.6226192,-0.0274,0.492,0.021,4.5,0.1872,8.253957773,0.178,0
875,45410,123.4224771,-0.0556,0.505,0.014,6.3,0.1871,13.27774385,0.15,0
876,55664,100.1384712,-0.0284,0.5,0.054,4.1,0.1743,18.12316503,0.152,0
877,55623,644.2285462,-0.0134,0.514,0.022,4.5,0.1795,21.58626682,0.228,0
878,57753,1310.758623,-0.0014,0.515,0.023,4.3,0.1955,35.11930397,0.321,1
879,47966,320.1923994,-0.0623,0.512,0.019,6.1,0.171,5.051168335,0.185,0
880,91645,584.5846395,0.0934,0.496,0.029,3.5,0.1811,21.31269128,0.423,0
881,52565,94.80008608,-0.0312,0.508,0.012,5.4,0.1715,16.69142561,0.192,0
882,58747,208.5131611,0.0103,0.503,0.021,3.2,0.1753,8.642295394,0.219,0
883,54239,87.16164052,-0.0259,0.502,0.049,3.3,0.1778,27.25389731,0.15,0
884,64723,211.9506485,0.0407,0.507,0.057,3.7,0.1814,15.28853284,0.331,0
885,44074,53.06416679,0.1162,0.512,0.063,3,0.2049,41.6710074,0.228,0
886,75111,165.4045276,0.2209,0.503,0.098,2.9,0.2277,13.48563106,0.268,0
887,64706,527.1565021,0.0995,0.501,0.092,2.8,0.2189,14.08381277,0.325,0
888,48522,47.33785713,-0.0695,0.503,0.083,4.3,0.1813,22.96844136,0.191,0
889,56272,1125.017811,0.0988,0.51,0.179,3.1,0.2257,13.79424504,0.318,1
890,43025,119.4444891,0.0542,0.489,0.048,2.9,0.1896,12.22733053,0.369,0
891,67054,136.8481659,0.0601,0.502,0.05,3.1,0.1901,10.81560475,0.243,0
892,57668,1142.58057,0.0739,0.512,0.133,3.2,0.2155,16.88276607,0.312,1
893,65191,144.7569695,0.1009,0.506,0.067,3.1,0.1988,12.30178745,0.233,0
894,62515,124.0257646,0.0107,0.512,0.063,3.4,0.1889,19.40730103,0.286,0
895,48530,5.254929593,-0.0006,0.49,0.047,4.6,0.1665,124.0387001,0.223,0
896,69148,137.664382,0.0803,0.499,0.078,2.9,0.1861,96.71907408,0.536,1
897,80539,223.5909111,0.1009,0.507,0.09,3.4,0.1916,38.26039547,0.368,1
898,59339,48.51824199,0.0792,0.505,0.086,3.7,0.1843,248.6077963,0.246,1
899,72285,79.64317715,0.0574,0.499,0.056,4.5,0.1811,19.10073729,0.178,0
900,49504,40.40100916,0.0224,0.506,0.068,4.9,0.1675,31.01400282,0.179,0
901,58739,8.191774256,0.1404,0.504,0.076,5.3,0.1602,40.97688903,0.166,0
902,51267,14.08636771,0.0245,0.509,0.074,5.2,0.1325,87.24100327,0.24,0
903,71880,65.50027069,0.2021,0.505,0.083,3.9,0.2019,126.4593408,0.342,1
904,48940,22.03700302,0.0299,0.507,0.061,4.9,0.1673,63.07442782,0.172,0
905,49792,1.589695224,-0.0342,0.497,0.039,6.9,0.1465,138.9081817,0.188,0
906,39874,0.729584128,-0.0039,0.491,0.051,5.3,0.1718,135.2630867,0.17,0
907,68835,44.79748021,0.0443,0.5,0.319,3.2,0.1934,256.6076469,0.316,1
908,56367,79.37495599,0.0803,0.511,0.135,4.4,0.1891,45.26033746,0.274,1
909,47533,53.35653315,0.0546,0.512,0.077,5,0.1629,68.58161784,0.172,0
910,53030,11.48584459,0.0272,0.5,0.138,6.2,0.1852,29.30918257,0.194,0
911,57212,83.91324716,0.0794,0.508,0.093,4.1,0.1961,44.49481374,0.296,1
912,52276,50.99386077,0.0786,0.517,0.095,4.3,0.1503,80.06084624,0.241,0
913,61084,56.65576044,0.1008,0.505,0.095,4.3,0.2006,15.41437699,0.195,0
914,42019,3.091873685,-0.0243,0.456,0.346,4.1,0.197,65.42147787,0.138,0
915,64058,294.1811311,0.0934,0.502,0.272,3.9,0.2092,25.87560161,0.228,0
916,59781,5.711236759,0.0371,0.491,0.377,4.1,0.1662,86.18460743,0.109,0
917,72469,1884.675757,0.0954,0.505,0.12,3.3,0.2772,98.41853713,0.445,1
918,52298,24.5206697,0.0661,0.495,0.105,3.9,0.1643,147.9508803,0.21,0
919,58286,24.24188519,0.0264,0.477,0.276,4.8,0.2068,38.48620911,0.162,0
920,52106,2.291025746,0.0277,0.508,0.036,5.8,0.1566,138.7347392,0.247,0
921,56993,11.20377373,0.0551,0.498,0.192,4.1,0.1974,37.47844989,0.205,0
922,85665,830.6642917,0.1195,0.505,0.171,3.1,0.2389,29.92061065,0.437,1
923,71815,149.610259,0.0738,0.5,0.162,3.4,0.1922,74.69654528,0.265,1
924,67706,198.6029599,0.0156,0.508,0.073,3.3,0.163,19.4157792,0.224,0
925,64799,1665.643941,-0.006,0.516,0.023,4.1,0.2208,32.07118158,0.407,1
926,60323,377.0979407,-0.0403,0.514,0.018,4.5,0.1785,18.30060575,0.237,0
927,54251,47.30632147,-0.0391,0.503,0.013,4.7,0.1568,20.88205814,0.142,0
928,67418,491.7233504,0.0231,0.508,0.225,4.3,0.1844,16.62060385,0.245,0
929,51004,231.7021681,-0.0432,0.51,0.013,4.5,0.1814,8.208226284,0.208,0
930,51356,52.57369058,-0.0381,0.504,0.016,4.4,0.1637,16.57742486,0.178,0
931,93587,1039.653686,0.0048,0.509,0.057,3.8,0.1722,17.50839607,0.405,0
932,72576,238.209545,0.0212,0.504,0.016,3.9,0.1746,37.26317919,0.354,0
933,48798,189.1360658,-0.1036,0.507,0.018,5.3,0.1566,7.6809635,0.214,0
934,61036,146.3032054,0.0517,0.474,0.03,3.3,0.1927,30.79102134,0.447,1
935,102233,699.5115309,0.0497,0.508,0.076,3.2,0.179,36.19123448,0.518,1
936,49173,63.9744089,-0.0403,0.509,0.011,4.9,0.1667,52.03184349,0.227,0
937,46967,69.23515054,-0.0301,0.473,0.031,5.2,0.1815,12.61750047,0.143,0
938,54377,134.4709672,-0.0359,0.519,0.03,4.8,0.1622,46.17942245,0.225,0
939,49741,83.60087642,-0.0489,0.51,0.014,4.7,0.1659,82.7139633,0.208,0
940,75269,464.5078732,0.0709,0.505,0.043,3.4,0.1969,19.73398587,0.358,0
941,60763,530.0458816,0.0366,0.515,0.099,4,0.2038,32.3393185,0.305,1
942,76783,3082.777152,0.0137,0.519,0.041,4,0.1959,7.057822979,0.383,0
943,55462,36.1512187,-0.0681,0.498,0.009,4.9,0.1519,33.43363424,0.186,0
944,51923,337.5169241,-0.0402,0.506,0.044,4.6,0.1898,25.95207023,0.277,1
945,48055,163.5677855,-0.0567,0.504,0.013,5.9,0.1768,7.735507527,0.162,0
946,62699,200.7539263,0.0349,0.508,0.061,3.8,0.1791,19.35146781,0.21,0
947,51299,101.65653,-0.0572,0.5,0.014,5,0.1593,23.78885017,0.226,0
948,53655,456.7284862,-0.0227,0.514,0.084,4.9,0.1842,4.769308546,0.277,0
949,67515,578.2138354,0.0482,0.51,0.11,3.4,0.1927,32.98370605,0.269,1
950,50979,238.7436309,-0.0654,0.516,0.016,5.1,0.1647,23.38853026,0.214,0
951,61560,391.8741519,0.058,0.508,0.141,3.9,0.1773,21.15760298,0.203,0
952,65436,1069.972129,0.0537,0.51,0.262,4.5,0.1976,18.95385548,0.294,1
953,53439,356.5149219,-0.011,0.505,0.138,5.7,0.1875,18.90257926,0.232,0
954,53762,92.21842203,-0.0248,0.51,0.022,4.8,0.1904,35.30481293,0.228,0
955,53266,41.48807645,-0.0695,0.487,0.022,5.3,0.176,24.61538462,0.181,0
956,54099,162.6941233,-0.0659,0.506,0.016,4.9,0.1587,45.69381489,0.226,0
957,63012,279.9193143,0.0025,0.504,0.17,5.4,0.1681,17.61897211,0.244,0
958,92340,1720.178453,0.0374,0.514,0.054,3.5,0.1913,21.66286564,0.487,1
959,65534,139.9702093,-0.002,0.515,0.029,3.6,0.1964,219.4185409,0.328,1
960,73780,825.8289127,0.0247,0.508,0.142,4.5,0.181,29.48064923,0.292,1
961,47967,198.1879189,-0.0406,0.497,0.039,5.6,0.1814,22.01600564,0.16,0
962,65401,83.91045345,0.0065,0.494,0.023,3.7,0.1809,43.22268326,0.164,0
963,47598,11812.46971,0.0367,0.527,0.152,5.5,0.2635,11.99446487,0.286,1
964,55951,181.5474279,-0.049,0.488,0.052,5.4,0.1815,21.222561,0.162,1
965,56873,122.8213748,0.0166,0.504,0.022,5.4,0.1656,24.76964233,0.184,0
966,49082,68.36259999,-0.0585,0.477,0.016,5.3,0.1742,13.61525998,0.155,0
967,60235,48.97532896,-0.0751,0.498,0.018,4.3,0.1536,49.59333466,0.178,0
968,51324,35.80122563,-0.0342,0.504,0.013,5.3,0.1663,24.63600305,0.191,0
969,61306,142.1694907,-0.0005,0.454,0.061,4,0.2005,22.26031209,0.255,1
970,65558,241.3858288,-0.0046,0.508,0.018,4.5,0.1724,14.50221159,0.295,0
971,56265,70.7837884,-0.0284,0.469,0.049,4.7,0.1699,77.88010358,0.204,0
972,59407,339.543226,-0.0466,0.511,0.013,4.5,0.1628,20.06311282,0.285,0
973,69101,496.6461361,0.0314,0.506,0.081,3.8,0.1877,33.40325749,0.242,0
974,74230,974.8647109,-0.0114,0.516,0.057,3.2,0.1999,18.26017092,0.321,0
975,80862,801.6916375,-0.0098,0.506,0.06,3.1,0.1808,24.36587802,0.479,0
976,62165,1560.263442,0.0192,0.513,0.239,3.9,0.2205,14.08602807,0.281,1
977,86450,381.4205659,-0.0112,0.516,0.034,3.1,0.1458,47.77945006,0.45,1
978,56824,159.5392863,0.063,0.517,0.059,2.9,0.188,11.70466782,0.264,0
979,73890,333.3830777,0.1556,0.51,0.111,2.6,0.159,26.02512987,0.403,0
980,70980,449.0895535,0.1488,0.517,0.053,2.3,0.2415,51.04446702,0.428,1
981,68051,284.0188894,0.1613,0.514,0.058,2.5,0.212,12.28433318,0.279,0
982,49770,172.8740293,0.0102,0.533,0.028,2.9,0.1887,14.46204797,0.231,0
983,64399,666.8305482,0.1381,0.515,0.095,2.4,0.2071,22.92079719,0.342,1
984,43958,155.7223471,0.0162,0.534,0.062,3.1,0.1829,14.12209967,0.235,0
985,53648,312.2693792,0.2395,0.519,0.061,3.6,0.1683,8.472637617,0.236,0
986,50790,45.89069734,0.1761,0.497,0.139,2.5,0.1885,33.25241911,0.169,0
987,63842,178.4762182,0.2179,0.514,0.059,3.3,0.1865,20.40566461,0.269,0
988,62059,427.4494823,0.1217,0.514,0.063,2.3,0.2018,16.73640167,0.301,0
989,52240,127.0025258,0.0663,0.508,0.058,2.8,0.1645,25.14268474,0.246,0
990,52905,549.1699557,0.0752,0.518,0.053,2.8,0.2148,16.83667702,0.377,0
991,55588,395.8097648,0.1109,0.514,0.073,2.6,0.2005,9.381303063,0.238,0
992,68468,412.843174,0.1954,0.518,0.059,2.8,0.1957,10.67695451,0.32,0
993,59036,44.27762476,0.0887,0.486,0.035,3.3,0.1866,57.01741882,0.392,1
994,61447,22.67333963,0.0594,0.507,0.036,3.1,0.2002,25.74731584,0.293,0
995,63442,40.68148643,0.0279,0.498,0.024,3.2,0.1882,35.70280981,0.216,0
996,63665,5.762356118,0.0843,0.505,0.044,4.4,0.1261,111.4578689,0.25,0
997,53902,32.30358672,0.0676,0.499,0.035,3.2,0.1761,116.081102,0.347,1
998,59981,8.162526822,0.1023,0.48,0.044,3.6,0.215,70.59155725,0.272,0
999,63162,239.2798338,0.1225,0.494,0.051,2.9,0.2299,41.42201787,0.319,1
1000,58919,40.97706761,0.1127,0.497,0.054,3.4,0.1957,52.73566249,0.307,1
1001,50973,228.3116128,0.024,0.513,0.032,3.6,0.1811,12.99072462,0.235,0
1002,59368,238.2075725,0.0757,0.514,0.036,3.2,0.1774,22.54147632,0.24,0
1003,54931,131.7614586,0.0659,0.512,0.047,3.3,0.1859,35.38570418,0.196,0
1004,63846,1377.179669,0.0972,0.518,0.104,2.5,0.2826,30.2530887,0.403,1
1005,67345,58.36239653,0.0661,0.507,0.03,3.6,0.1667,24.31138016,0.217,0
1006,57802,678.065966,0.0852,0.517,0.06,3.2,0.2116,27.18839382,0.312,1
1007,43159,57.54355128,0.0005,0.515,0.029,4.1,0.1619,30.91667955,0.171,0
1008,60316,925.4213276,0.081,0.514,0.046,2.9,0.2037,34.01989739,0.367,1
1009,66434,157.2027831,0.1601,0.517,0.062,3.2,0.2083,31.12452924,0.218,0
1010,57606,387.6148278,0.1754,0.502,0.102,3.8,0.2637,19.13939701,0.272,1
1011,43952,40.98778199,-0.0273,0.454,0.015,4.1,0.195,46.72242209,0.073,0
1012,49083,200.0608323,0.0987,0.503,0.065,3.5,0.1907,49.84734251,0.254,1
1013,47599,105.1661979,0.0409,0.504,0.052,5.7,0.1732,30.15045075,0.152,0
1014,69614,536.4938873,0.2097,0.509,0.087,2.6,0.2226,6.018929533,0.32,0
1015,54476,165.8227848,0.0851,0.509,0.064,3.3,0.1758,20.3562341,0.171,0
1016,52659,1227.984706,0.0102,0.526,0.066,4,0.2157,10.6704682,0.311,0
1017,51303,383.0725053,0.0096,0.513,0.02,3.7,0.1735,18.94561346,0.228,0
1018,69391,361.2869228,0.1602,0.512,0.053,2.7,0.1933,5.227856108,0.269,0
1019,51879,396.2905671,0.0494,0.511,0.036,3.5,0.1839,30.9178744,0.324,1
1020,43583,72.59612449,0.055,0.51,0.028,3.7,0.1753,73.13951362,0.135,0
1021,119637,409.221437,0.2317,0.509,0.049,2.4,0.1635,20.97209872,0.59,0
1022,51750,108.6956522,-0.0006,0.512,0.227,4,0.189,11.53203021,0.163,0
1023,54831,345.3077784,0.1452,0.503,0.256,3.8,0.2366,5.510795649,0.245,0
1024,58956,1616.003936,0.1441,0.506,0.607,3.1,0.2337,4.492017685,0.276,0
1025,68404,16.82197135,0.1202,0.501,0.197,2.4,0.139,167.6305423,0.271,0
1026,83704,275.6601048,0.1632,0.495,0.316,4.2,0.2177,10.68764295,0.297,0
1027,54471,391.5158555,0.1499,0.496,0.262,2.7,0.2221,17.45116945,0.408,1
1028,62827,48.43310288,0.1122,0.51,0.226,2.7,0.163,83.06510227,0.251,0
1029,55301,80.07966885,0.1282,0.495,0.538,3.3,0.2014,22.90216196,0.148,0
1030,40893,474.9719953,0.04,0.512,0.9,5.5,0.1843,2.363155569,0.173,0
1031,47091,66.86548262,0.0529,0.514,0.259,4.2,0.1702,76.37085688,0.186,0
1032,96847,1230.027638,0.2439,0.508,0.155,3.1,0.2064,10.63079257,0.517,0
1033,87976,279.2058998,0.3056,0.505,0.281,3,0.1789,32.008399,0.353,0
1034,43321,2.770891208,-0.4993,0.468,0.347,3.2,0.1522,366.8378577,0.119,0
1035,61807,3024.881812,0.1015,0.507,0.408,3.5,0.2386,11.00353783,0.307,0
1036,90910,1009.98939,0.2531,0.508,0.196,3,0.226,9.017061407,0.445,0
1037,46991,19.81670626,-0.0121,0.5,0.17,3.3,0.1602,54.46623094,0.133,0
1038,65564,185.1681043,0.175,0.489,0.626,2.6,0.2421,6.016014631,0.156,0
1039,78341,197.5719598,0.1905,0.506,0.269,3.1,0.199,10.82098839,0.231,0
1040,48629,828.7190689,0.046,0.506,0.829,3.8,0.2177,3.574671309,0.228,0
1041,101361,942.2006986,0.2788,0.509,0.249,3.5,0.1952,6.160002365,0.461,0
1042,73214,904.2732016,0.1486,0.509,0.254,4,0.2013,11.69115476,0.3,0
1043,62143,25.50334809,0.0797,0.513,0.238,2.4,0.1367,74.10701052,0.338,1
1044,56758,8.988115219,0.0585,0.508,0.358,3.4,0.1581,130.5823975,0.176,0
1045,57439,146.0242452,0.1126,0.511,0.142,3.1,0.1849,22.02449123,0.205,0
1046,53137,453.5076454,0.0179,0.514,0.192,3.7,0.201,8.068094719,0.208,0
1047,78801,234.5662871,0.2117,0.505,0.385,2.9,0.2037,11.98703003,0.275,0
1048,61638,2766.8834,0.1317,0.504,0.437,3.8,0.2357,5.728440114,0.31,0
1049,72890,339.5257663,0.3175,0.503,0.401,2.8,0.2168,34.75374797,0.374,0
1050,49896,94.69206224,0.0508,0.51,0.136,3.5,0.165,12.08649093,0.182,0
1051,41656,553.0118756,0.1081,0.51,0.925,6.2,0.1985,4.604544455,0.184,0
1052,50332,48.33844734,0.0519,0.508,0.174,3.1,0.1812,26.96580736,0.183,0
1053,43601,18.65938099,-0.0333,0.465,0.116,3.1,0.1818,43.53883664,0.141,0
1054,61112,40.70200524,0.0451,0.429,0.434,3.1,0.2288,27.27471089,0.123,0
1055,57513,117.329392,0.1264,0.508,0.176,3.5,0.1883,10.14260503,0.193,0
1056,55173,287.0779817,-0.0028,0.489,0.221,5.8,0.2138,3.975115775,0.196,0
1057,94899,71.59904174,0.2956,0.51,0.246,2.7,0.1591,105.4162889,0.409,0
1058,57789,47.67437856,0.0566,0.519,0.274,3,0.1546,38.02281369,0.256,1
1059,54733,346.7723836,0.1022,0.507,0.363,2.8,0.2119,12.87958553,0.291,0
1060,51078,247.4426309,0.0846,0.512,0.27,3.3,0.1946,11.69030056,0.237,0
1061,85811,196.4147467,0.226,0.492,0.46,2.1,0.2586,5.655085052,0.274,0
1062,88833,583.0571115,0.2497,0.505,0.252,3.4,0.1975,13.17108749,0.347,0
1063,46207,68.88690035,0.0104,0.519,0.2,3.7,0.1714,30.67296485,0.245,1
1064,56079,432.0832171,0.0609,0.506,0.645,4.1,0.2115,13.80094619,0.215,0
1065,41138,129.2590024,-0.0312,0.486,0.391,2.7,0.22,8.516799387,0.148,0
1066,70694,151.0766348,0.1234,0.509,0.231,2.4,0.2183,7.261478582,0.32,0
1067,105763,825.8682578,0.2533,0.506,0.186,3.1,0.1873,38.12610208,0.403,1
1068,48650,9.766448292,-0.0231,0.493,0.348,2.8,0.1739,97.42790335,0.183,0
1069,57302,96.22886116,0.0289,0.496,0.585,5.4,0.2024,29.97152705,0.149,0
1070,46061,5.333406148,-0.0126,0.458,0.306,2.9,0.198,165.1527663,0.144,0
1071,59538,252.5910138,0.099,0.518,0.201,3.3,0.1996,8.59287393,0.258,0
1072,32516,52.8401812,0.0567,0.512,0.964,9.8,0.1964,15.47197252,0.103,0
1073,70130,2434.571009,0.1396,0.511,0.295,3.3,0.2217,8.561175545,0.315,0
1074,54465,150.7658768,0.0473,0.514,0.25,2.9,0.2112,28.97836765,0.245,1
1075,54774,78.31944346,0.0753,0.502,0.407,3,0.2213,16.77852349,0.242,0
1076,80690,1286.559712,0.196,0.495,0.336,2.6,0.2884,23.54873096,0.486,1
1077,61822,107.6018152,0.218,0.502,0.31,3.7,0.1697,18.10085798,0.199,0
1078,59039,59.41180951,0.0603,0.511,0.167,3.3,0.1554,55.73825316,0.25,1
1079,51535,210.6324549,0.0055,0.483,0.198,3.2,0.2137,15.1251607,0.23,0
1080,92661,528.0778108,0.2843,0.507,0.248,2.8,0.2251,16.93333853,0.411,1
1081,56945,70.57749592,0.0785,0.504,0.104,3.9,0.1426,21.95919981,0.164,0
1082,87610,1189.78305,0.1378,0.495,0.102,2.4,0.2174,2.81308987,0.375,0
1083,58307,16.63460917,0.1582,0.501,0.089,2.9,0.1941,18.23519758,0.291,0
1084,79941,1563.337114,0.1127,0.498,0.188,2.5,0.2436,19.82011949,0.345,1
1085,112482,22.51681883,0.1381,0.488,0.115,2.4,0.1773,47.45521414,0.553,0
1086,80196,10.40993167,0.1943,0.492,0.129,2.9,0.2146,13.83910655,0.23,0
1087,62541,7.976885916,0.088,0.493,0.084,4.2,0.2158,55.96910505,0.147,0
1088,79505,317.5690582,0.1881,0.495,0.122,2.4,0.2103,1.571746289,0.401,0
1089,64388,73.1779894,0.2221,0.504,0.109,3,0.1778,11.2640519,0.277,0
1090,71835,451.6928087,0.1114,0.497,0.187,3,0.2259,11.52901661,0.238,0
1091,73574,47.99138747,-0.0012,0.501,0.023,2.3,0.1596,81.57272208,0.367,1
1092,56948,52.54970518,-0.0467,0.513,0.022,2.9,0.1502,84.57851706,0.357,1
1093,50942,46.22386201,-0.0411,0.501,0.017,3,0.1621,66.68222585,0.281,0
1094,76483,305.2193716,0.0441,0.511,0.025,1.8,0.2066,97.69560492,0.507,1
1095,65056,77.95728619,0.0335,0.502,0.017,2.3,0.1922,40.48419092,0.237,0
1096,60555,55.27935013,0.035,0.5,0.018,3.1,0.1904,157.7162684,0.373,1
1097,48826,38.99934802,-0.0072,0.499,0.017,4.2,0.1678,36.98635204,0.216,0
1098,51903,62.58301329,-0.0593,0.505,0.016,2.8,0.1622,34.36957605,0.303,0
1099,65879,84.99155308,-0.0193,0.503,0.02,2.3,0.172,119.8445445,0.415,1
1100,52068,53.76509764,-0.0543,0.511,0.024,2.6,0.1658,47.36867036,0.386,1
1101,61843,56.80377413,-0.0292,0.51,0.018,2.1,0.1689,90.80672696,0.363,1
1102,47335,71.89385445,-0.0262,0.513,0.091,3.5,0.1584,30.94442381,0.185,0
1103,86332,151.7001573,0.0948,0.521,0.058,2.5,0.1919,18.29324065,0.535,0
1104,53341,33.35899986,-0.0935,0.511,0.016,3.4,0.148,67.29475101,0.154,0
1105,54609,47.71000378,0.059,0.515,0.019,3.5,0.1802,62.84960091,0.198,0
1106,118986,9118.426118,0.1234,0.499,0.156,1.9,0.3273,8.444448198,0.746,0
1107,66591,104.9067689,0.1307,0.508,0.024,2.9,0.1535,50.63483423,0.289,0
1108,74178,61.74958703,0.0081,0.503,0.018,2.5,0.1505,29.92309764,0.287,0
1109,81641,833.4620845,0.1036,0.518,0.095,2.7,0.1901,2.834451052,0.399,0
1110,79739,138.7138284,0.1125,0.501,0.116,2.6,0.1855,38.0191997,0.247,0
1111,127898,2935.097156,0.0573,0.504,0.165,2.3,0.2067,9.585789329,0.611,0
1112,103827,110.0040312,0.0845,0.506,0.092,2.4,0.173,28.08121086,0.359,0
1113,52277,41.39898007,0.0298,0.496,0.03,2.6,0.1518,63.49609499,0.223,0
1114,61878,81.17017609,-0.0021,0.508,0.029,2.9,0.1487,35.68752007,0.205,0
1115,53111,46.9952021,-0.0339,0.506,0.018,3.3,0.1651,59.80861244,0.182,0
1116,71715,171.4729095,0.0131,0.508,0.038,2.6,0.1802,26.77519546,0.228,0
1117,100444,84.40559316,0.0857,0.509,0.031,2.8,0.1529,42.09994527,0.392,1
1118,68975,1415.585138,0.0722,0.526,0.06,2.8,0.2153,9.068430376,0.429,0
1119,41908,132.2325506,-0.0711,0.519,0.058,3.3,0.1546,19.77965465,0.128,0
1120,78749,117.5779121,0.0496,0.51,0.034,2.8,0.1718,53.89528147,0.282,0
1121,92773,537.2410259,0.1243,0.517,0.061,2.7,0.1585,13.06796649,0.496,0
1122,85657,149.3909907,0.1212,0.494,0.058,2.6,0.1988,37.26337755,0.346,0
1123,73035,62.59742061,0.0707,0.511,0.029,2.7,0.1998,58.31583858,0.204,0
1124,151806,802.1126501,0.2448,0.504,0.139,2.3,0.2008,55.6176216,0.608,1
1125,64135,75.74249446,0.1181,0.505,0.033,2.7,0.1791,53.20422442,0.234,0
1126,66397,41.35236355,-0.0035,0.516,0.032,2.2,0.1602,75.40909434,0.242,0
1127,58740,254.6031926,0.042,0.483,0.035,2.8,0.193,30.4460344,0.458,1
1128,55804,31.70820803,-0.006,0.517,0.043,2.8,0.1469,200.9377093,0.321,1
1129,45235,55.33712644,-0.058,0.521,0.095,4.4,0.151,85.3970965,0.216,0
1130,45913,48.44906995,-0.0408,0.459,0.048,2.8,0.204,65.6512605,0.127,0
1131,52877,76.89090769,-0.0059,0.505,0.022,3.8,0.1679,41.83750314,0.139,0
1132,94293,113.9492969,0.0542,0.483,0.023,2.5,0.1706,33.72453797,0.288,0
1133,106208,1398.13378,0.1453,0.5,0.245,2.5,0.2104,10.63072066,0.401,0
1134,54086,106.3815818,-0.0248,0.499,0.018,3.4,0.1709,29.38842684,0.194,0
1135,79086,27.68314258,-0.0004,0.508,0.044,2.5,0.1398,271.3704206,0.329,0
1136,71742,375.9650005,0.0192,0.518,0.033,2.5,0.1743,10.61728919,0.348,0
1137,67242,96.51319183,0.0688,0.509,0.074,2.4,0.1783,12.20286035,0.259,0
1138,59087,85.72731418,0.0372,0.509,0.074,2.5,0.1718,45.85473221,0.201,0
1139,41964,66.76010361,-0.0699,0.511,0.02,3.7,0.1654,33.21817699,0.143,0
1140,90262,339.2686353,0.1014,0.508,0.107,2.9,0.1929,14.68267078,0.315,0
1141,109090,568.4275495,0.1565,0.495,0.142,2.8,0.2049,19.6229772,0.398,0
1142,69878,188.1526246,0.0645,0.502,0.053,2.8,0.1906,24.89791853,0.211,0
1143,52387,95.79749543,-0.0211,0.507,0.016,3.3,0.1602,37.21622627,0.225,0
1144,54885,78.53950954,0.0311,0.512,0.069,3.5,0.1681,55.50929781,0.203,0
1145,42372,92.71830333,-0.1088,0.479,0.012,4.6,0.1955,26.75012706,0.145,0
1146,102589,10609.43635,0.1221,0.518,0.166,2.1,0.3173,18.81727175,0.621,1
1147,37678,1288.096519,-0.064,0.528,0.025,3.8,0.1937,119.3175039,0.241,0
1148,58717,4616.722016,0.0802,0.516,0.058,2.4,0.27,126.9411416,0.526,1
1149,77361,718.4125587,0.0924,0.511,0.066,2.9,0.217,4.08438336,0.325,0
1150,36073,932.6873806,-0.0752,0.541,0.047,5,0.1803,49.94506043,0.184,0
1151,106430,3849.815676,0.0605,0.508,0.176,2.1,0.207,83.2674133,0.587,1
1152,137849,7312.156078,0.1563,0.508,0.106,2,0.1906,136.8269823,0.785,1
1153,62121,2781.226054,0.1636,0.538,0.109,3.4,0.2171,137.760022,0.421,1
1154,37229,770.2669903,-0.1095,0.533,0.163,3.3,0.1676,157.5547503,0.124,0
1155,55816,2616.264369,-0.0218,0.52,0.062,3.8,0.2226,29.73756598,0.268,1
1156,48189,3043.747847,0.0774,0.519,0.207,3.2,0.1996,56.58669081,0.36,1
1157,84405,4157.979962,0.0794,0.497,0.381,2.5,0.2224,146.0387003,0.297,1
1158,53022,2608.274878,-0.0083,0.518,0.094,3.5,0.2385,5.579578742,0.255,0
1159,52437,4485.254989,-0.0003,0.479,0.085,3.5,0.2622,28.83720164,0.28,1
1160,40240,1366.910867,-0.0343,0.542,0.051,5.6,0.2214,63.80399413,0.18,0
1161,98217,801.1359927,0.0099,0.499,0.033,2.4,0.1697,81.49295086,0.428,1
1162,50411,2805.03967,-0.012,0.521,0.047,3.9,0.2378,21.18688955,0.213,0
1163,50949,3853.122649,0.1138,0.526,0.073,3.3,0.2935,73.77319516,0.385,1
1164,45534,2329.378319,0.0213,0.523,0.067,3,0.2214,20.1728816,0.238,0
1165,54888,1752.510909,0.0197,0.524,0.036,2.8,0.1742,118.5723884,0.291,1
1166,54296,1248.1602,0.0476,0.54,0.033,2.7,0.2036,160.436387,0.34,1
1167,77847,230.1733272,0.0817,0.514,0.047,3,0.2051,10.85682025,0.281,0
1168,78491,1807.008385,0.0266,0.509,0.085,2.7,0.2371,24.44585687,0.352,1
1169,44619,1504.754305,0.0718,0.521,0.087,2.9,0.2081,44.18912947,0.25,1
1170,56569,1657.503879,0.0592,0.54,0.071,3.9,0.1563,133.74348,0.567,1
1171,60254,3041.048413,0.0668,0.508,0.183,2.8,0.2054,106.8452169,0.339,1
1172,54776,35.49440203,0.0425,0.511,0.044,4.1,0.1696,44.2830573,0.205,0
1173,72847,120.2026137,0.1429,0.499,0.226,5.2,0.2066,44.03346543,0.3,1
1174,59838,26.43360355,0.0615,0.499,0.282,4.9,0.1888,142.4870466,0.267,1
1175,57571,44.48582518,0.0766,0.506,0.066,6.6,0.1606,25.86284931,0.261,0
1176,80407,776.2128699,0.1288,0.506,0.102,4.7,0.2026,45.05971436,0.298,1
1177,56338,4.587689336,-0.0233,0.512,0.079,5.5,0.1533,250.9410289,0.249,0
1178,57316,97.00076746,0.074,0.505,0.093,6,0.1861,27.12649083,0.166,0
1179,57152,36.47416527,0.0881,0.492,0.422,6.9,0.1991,30.6958755,0.176,0
1180,59346,39.46368795,0.0302,0.489,0.103,7.1,0.1769,39.96749311,0.158,0
1181,72173,408.4500285,0.0779,0.502,0.082,5,0.1992,35.23566789,0.33,1
1182,60556,17.86383545,0.0729,0.511,0.038,5.6,0.13,93.10697992,0.418,0
1183,102338,1064.860184,0.1427,0.497,0.099,2.8,0.2671,45.2773504,0.514,1
1184,79268,687.3760891,0.0749,0.489,0.082,4.6,0.2151,47.88689851,0.322,1
1185,59172,20.86606238,0.1464,0.495,0.09,5.5,0.1801,41.72316679,0.348,1
1186,60567,11.98356448,0.094,0.494,0.117,5.8,0.1656,89.18617614,0.289,0
1187,58525,33.58870186,0.0651,0.499,0.105,6.2,0.1818,24.78099793,0.168,0
1188,60849,4.734485352,0.0337,0.491,0.036,5,0.1401,91.41603437,0.236,0
1189,63689,69.5922628,0.0909,0.481,0.106,6.3,0.1803,29.95446921,0.18,0
1190,44777,8.018826199,0.0266,0.495,0.207,6.8,0.1692,71.0176834,0.19,0
1191,50521,24.0935048,0.069,0.503,0.101,6.9,0.1446,44.50180232,0.18,0
1192,78779,542.0638895,0.1213,0.501,0.114,5.1,0.2303,35.35989746,0.264,1
1193,69113,101.0953627,0.1031,0.517,0.068,3.7,0.1322,227.5054033,0.486,1
1194,67551,74.63307307,0.0952,0.505,0.186,5.4,0.1909,69.65674703,0.263,1
1195,69163,7.297921032,0.0842,0.491,0.068,5.5,0.1639,248.2827112,0.238,0
1196,89119,393.8550444,0.1323,0.498,0.106,3,0.2286,37.70908777,0.319,1
1197,59976,296.4058667,0.0987,0.504,0.061,5.2,0.2189,47.81961675,0.304,1
1198,55000,18.45332386,0.0479,0.501,0.038,7,0.1474,65.61249262,0.185,0
1199,77890,402.4261698,0.1317,0.511,0.094,4.8,0.2182,24.09339979,0.357,1
1200,61123,17.04034172,0.1136,0.501,0.057,6.7,0.1201,222.8163993,0.19,0
1201,60202,47.83766058,0.0326,0.491,0.217,4.9,0.1906,98.74917709,0.286,1
1202,68656,108.8099477,0.1226,0.506,0.098,5,0.202,65.4316087,0.339,1
1203,45906,23.20607293,0.1063,0.491,0.065,4.3,0.1931,19.95848635,0.495,0
1204,55674,58.40509234,0.0305,0.5,0.502,7,0.1974,51.81904788,0.16,0
1205,42125,327.1854472,-0.0476,0.512,0.014,4.2,0.1823,10.87606721,0.257,0
1206,41430,64.10097498,-0.0857,0.497,0.012,5.7,0.1673,23.58156865,0.152,0
1207,53909,161.6699679,-0.0274,0.508,0.017,4.4,0.1838,14.86856191,0.225,0
1208,75225,272.5976101,0.0638,0.504,0.063,3.1,0.179,69.99615021,0.308,1
1209,48334,197.5671788,-0.0839,0.518,0.012,4.6,0.1816,5.614066605,0.249,0
1210,41794,140.2362331,-0.0597,0.52,0.012,5.7,0.1712,17.01895912,0.2,0
1211,55652,293.3161511,0.0892,0.486,0.022,3.6,0.2357,37.87448396,0.413,1
1212,40023,37.87119835,-0.0709,0.507,0.008,6.3,0.163,40.82299151,0.152,0
1213,50390,391.3343413,-0.0732,0.516,0.013,4.5,0.1722,48.29634638,0.308,1
1214,39454,8.770754368,-0.0572,0.488,0.017,5.7,0.1603,242.5124288,0.163,0
1215,45386,121.1875424,-0.0749,0.498,0.017,4.7,0.1832,27.2624419,0.183,0
1216,46285,27.59981187,-0.0247,0.48,0.011,6,0.1798,69.69855376,0.163,0
1217,47222,16.32523477,-0.0442,0.491,0.009,5.2,0.1674,438.6606229,0.175,0
1218,49209,228.0292688,-0.0412,0.515,0.012,5.1,0.1739,23.9469336,0.218,0
1219,47202,14.89136727,-0.0382,0.498,0.03,4.8,0.162,64.25909266,0.211,0
1220,54372,52.44398182,-0.0138,0.5,0.026,4,0.1666,44.20475643,0.199,0
1221,58065,10.17415011,0.0015,0.492,0.022,5.6,0.1319,66.50704975,0.305,0
1222,65494,499.4109962,0.0625,0.504,0.09,3.1,0.2024,34.02106282,0.296,1
1223,58407,19.40190729,-0.0427,0.49,0.023,4.2,0.16,76.74008134,0.179,0
1224,80354,157.3957692,0.0223,0.496,0.045,2.8,0.1774,39.92892651,0.287,0
1225,60713,64.12111391,0.0347,0.48,0.019,3.8,0.1912,61.86396115,0.201,0
1226,69219,75.15326003,0.0121,0.489,0.037,3.1,0.185,52.14489328,0.232,0
1227,51919,28.26726948,-0.0318,0.481,0.018,4.3,0.1579,61.99243692,0.178,0
1228,77828,456.6297957,0.1072,0.503,0.065,2.4,0.2312,45.7293372,0.507,1
1229,64217,57.40510978,-0.0042,0.505,0.035,3.8,0.1357,72.28567298,0.321,1
1230,55651,33.08704,-0.0234,0.499,0.017,4.2,0.1902,46.34994206,0.24,0
1231,61506,53.36752519,0.0333,0.498,0.021,3.5,0.1723,44.08393581,0.28,0
1232,64972,164.0263142,0.0565,0.505,0.027,3.1,0.2028,38.22410794,0.318,1
1233,65905,143.7044943,0.0171,0.508,0.054,2.9,0.1824,9.670899297,0.227,0
1234,56418,44.85246096,0.0045,0.481,0.018,3.2,0.1624,19.44050234,0.23,0
1235,64319,63.29233146,0.0032,0.503,0.031,2.9,0.1705,81.16883117,0.23,1
1236,67390,31.04985706,-0.0004,0.497,0.02,2.9,0.168,84.46659346,0.243,0
1237,57247,20.89964767,0.0094,0.465,0.037,3.9,0.1827,96.88514266,0.144,0
1238,71098,152.3323641,0.0128,0.5,0.073,3.1,0.1817,35.39029598,0.248,1
1239,66460,623.4089489,0.0185,0.505,0.135,4,0.1949,17.69274774,0.257,1
1240,59758,261.278853,0.0286,0.512,0.021,2.9,0.191,67.78741866,0.343,1
1241,59128,26.30258149,-0.0103,0.494,0.043,2.7,0.1638,60.0060006,0.189,0
1242,60728,31.39231808,-0.0417,0.493,0.017,3.7,0.153,36.24107564,0.183,0
1243,61326,134.0747129,-0.0312,0.5,0.044,3.4,0.1633,25.32254593,0.199,0
1244,66092,87.8275036,0.012,0.498,0.03,2.9,0.1852,29.47852489,0.256,0
1245,54404,28.83487798,-0.0347,0.497,0.02,4.6,0.1538,24.78314746,0.15,0
1246,53505,3917.639456,-0.0021,0.516,0.156,4,0.2339,32.77905017,0.305,1
1247,60296,51.34794888,0.0342,0.493,0.049,3,0.1827,21.62021923,0.199,0
1248,62765,31.98199412,-0.0113,0.498,0.017,4.3,0.1479,56.18766681,0.271,0
1249,66994,294.7109359,0.0596,0.5,0.046,3,0.2029,15.96721399,0.289,0
1250,90446,382.7962433,0.0317,0.508,0.031,2.9,0.1578,22.4162473,0.484,0
1251,75368,74.51703535,0.0406,0.502,0.023,3.4,0.1692,46.77924873,0.282,0
1252,63910,47.90461748,-0.0096,0.496,0.019,4.1,0.1576,45.67983007,0.204,0
1253,58248,88.38997901,0.0106,0.495,0.034,3.3,0.1765,70.64940937,0.32,1
1254,61691,590.4072469,0.0046,0.504,0.136,4.1,0.1835,15.28187417,0.247,0
1255,51295,29.43268885,-0.0446,0.495,0.025,3.2,0.1476,57.96429399,0.189,0
1256,61624,227.4675482,0.0185,0.507,0.091,3.7,0.1869,12.2433488,0.218,0
1257,87098,125.5480536,0.0699,0.5,0.026,3.4,0.1849,66.16163287,0.337,1
1258,63752,77.55667937,0.0383,0.502,0.054,2.9,0.1834,15.51782999,0.238,0
1259,53908,13.16943781,0.0001,0.488,0.029,4.8,0.1366,60.39376736,0.232,0
1260,58982,45.79662888,-0.0257,0.496,0.029,3.2,0.1609,24.45047556,0.161,0
1261,62108,225.597293,-0.0014,0.496,0.067,2.7,0.1795,34.6800763,0.239,0
1262,61687,40.45077186,0.0281,0.494,0.09,3.6,0.1698,67.4559007,0.194,0
1263,56272,38.93736443,0.034,0.496,0.016,3.3,0.1498,32.44435793,0.218,0
1264,55576,25.91045571,0.0345,0.492,0.028,4.3,0.1193,45.05519261,0.271,0
1265,64682,187.1067341,0.0158,0.5,0.112,3.3,0.1589,28.8828128,0.283,0
1266,81928,315.841775,0.0305,0.503,0.033,2.9,0.1684,14.7022068,0.307,0
1267,91070,735.4751135,0.0354,0.508,0.049,2.9,0.1697,17.31824502,0.438,0
1268,59643,395.6551059,0.0286,0.497,0.044,3,0.1975,34.90259268,0.273,0
1269,57325,92.04076075,-0.024,0.508,0.032,3.8,0.1694,13.69881779,0.216,0
1270,52216,9.097205324,0.0664,0.482,0.097,3.1,0.2146,77.16049383,0.499,1
1271,83997,9.648929385,0.0045,0.486,0.089,3.7,0.2256,64.73748948,0.192,0
1272,61626,1.873992254,-0.0733,0.468,0.185,3.3,0.2081,67.56756757,0.203,0
1273,72481,3.248502955,-0.0008,0.489,0.084,2.7,0.1849,144.6968601,0.172,0
1274,57953,4.275021249,-0.022,0.497,0.07,4.4,0.1799,50.94113752,0.235,0
1275,52344,2.201994719,-0.0904,0.495,0.045,3.5,0.1473,226.6032178,0.231,0
1276,57224,2.032905384,-0.0147,0.496,0.05,3.6,0.1576,118.4132623,0.288,0
1277,69613,37.04514519,0.078,0.493,0.149,3.5,0.2158,30.15075377,0.287,1
1278,66104,14.95369594,0.0552,0.496,0.087,3.9,0.2172,12.52222695,0.227,0
1279,59494,4.205369055,0.0339,0.502,0.055,4,0.17,102.7608413,0.321,0
1280,64030,12.07808421,0.0449,0.499,0.044,3.5,0.1762,98.40905363,0.3,0
1281,80639,4.061036293,-0.0346,0.485,0.16,3.9,0.215,47.23330893,0.22,0
1282,98837,5.872784534,0.0925,0.483,0.151,2.7,0.2542,170.4739175,0.574,0
1283,70756,9.718132827,-0.0441,0.495,0.093,3.9,0.1873,49.44131316,0.154,0
