LargestList,median_HHI_2019,bach_deg_pct_14to18,pop_density_per_mile,change_in_pop_decade,perc_female,perc_hispanic,unemployment_rate,perc_age_25_39,brewery_per_1Mpeople
FALSE,59871,59871,140.4178178,0.1835,0.515,0.047,2.7,0.173,50.10773162
FALSE,47747,47747,187.50784,-0.0437,0.52,0.041,3.5,0.1924,20.94372421
FALSE,43047,43047,191.1583559,-0.0211,0.516,0.041,3.3,0.1814,23.23042256
FALSE,44322,44322,47.8964029,-0.031,0.509,0.031,3.3,0.1716,22.56215875
FALSE,54127,54127,592.627754,0.0002,0.527,0.041,2.9,0.2124,166.2756111
FALSE,48188,48188,138.8788627,0.0002,0.52,0.029,3.3,0.1756,41.50410891
FALSE,54160,54160,270.8349793,0.1477,0.509,0.037,2.7,0.204,18.46381093
FALSE,68609,68609,465.2099008,0.1022,0.511,0.052,2.5,0.2063,145.7534726
FALSE,48913,48913,171.026541,0.0388,0.507,0.147,2.5,0.1837,20.44446262
FALSE,49492,49492,336.0974757,0.0005,0.525,0.03,3.7,0.2026,80.82114281
FALSE,52711,52711,288.7942192,-0.0127,0.53,0.037,3.1,0.2095,18.9713722
FALSE,54355,54355,206.5792449,0.0016,0.508,0.087,2.6,0.1842,18.39757152
FALSE,43670,43670,90.4030321,0.0865,0.521,0.058,2.9,0.2164,22.89901534
FALSE,77801,77801,277.3521206,0.1039,0.517,0.058,2.2,0.1882,12.85330523
FALSE,52307,52307,158.3916838,0.0702,0.519,0.04,2.7,0.2105,57.35370027
FALSE,45991,45991,80.28518994,-0.0551,0.512,0.026,3.3,0.1752,43.48676915
FALSE,82512,82512,168.9463672,-0.0133,0.491,0.094,5.1,0.2482,145.4333915
FALSE,74076,74076,13.19790701,-0.0076,0.462,0.082,5.4,0.2576,40.49894703
FALSE,62548,62548,1.091175709,0.0087,0.502,0.036,8.9,0.1628,15.98772143
FALSE,53141,53141,0.285451729,-0.0009,0.468,0.06,11.4,0.1457,18.81786191
TRUE,85419,85419,11.83375889,0.0219,0.491,0.07,4.4,0.2276,35.12099182
FALSE,68625,68625,3.652055438,0.0563,0.478,0.043,6.8,0.1902,43.71584699
FALSE,75706,75706,2.86122179,0.0305,0.489,0.056,6.2,0.2124,26.41798536
FALSE,79669,79669,1.984555038,-0.0457,0.469,0.086,5.6,0.2426,12.55193363
FALSE,75856,75856,4.40171688,0.1784,0.481,0.052,6.9,0.2159,26.36574562
FALSE,80660,80660,2.958883951,-0.0457,0.49,0.074,4.2,0.2231,12.39771882
FALSE,74898,74898,2.615376112,0.1817,0.476,0.067,9.2,0.2933,26.70298272
FALSE,42063,42063,0.035943834,-0.0685,0.472,0.031,14,0.1956,23.77386302
FALSE,48650,48650,20.42301835,-0.0431,0.494,0.357,5.7,0.1853,61.66495375
FALSE,58301,58301,7.705939427,0.0631,0.507,0.143,5.5,0.1996,154.3712801
FALSE,68634,68634,487.537422,0.149,0.506,0.314,4,0.2145,815.9221377
FALSE,49712,49712,15.94017437,0.0565,0.494,0.169,5.7,0.1499,120.6952044
FALSE,40676,40676,11.14766791,0.0313,0.5,0.115,7.3,0.1776,49.16904317
FALSE,56150,56150,113.9953082,0.064,0.508,0.378,4.4,0.1894,338.3793411
FALSE,54242,54242,28.94060798,0.1024,0.511,0.147,4.4,0.1361,129.0512887
FALSE,47024,47024,38.77172836,0.0844,0.485,0.646,16.4,0.1993,42.53147329
FALSE,41950,41950,75.65088592,0.01,0.515,0.026,4,0.1435,71.51370679
FALSE,70775,70775,329.425496,0.2071,0.503,0.171,2.6,0.2253,127.1635465
FALSE,50083,50083,63.41923755,0.0141,0.507,0.026,3.2,0.1751,19.96685502
FALSE,43841,43841,45.04139904,0.0329,0.502,0.152,3.1,0.1619,22.80969868
FALSE,44105,44105,25.77146987,-0.0302,0.525,0.048,3.8,0.1577,22.67316631
FALSE,45786,45786,146.6343849,0.0338,0.519,0.059,3.7,0.1699,65.52221203
FALSE,47098,47098,78.45781281,0.0714,0.507,0.03,3.5,0.1965,21.23232409
FALSE,40233,40233,23.47492236,-0.0049,0.481,0.025,5.5,0.1584,24.85521835
FALSE,52684,52684,515.8332269,0.0234,0.523,0.062,3.4,0.2147,208.7920431
FALSE,48945,48945,240.3165191,0.0163,0.511,0.148,3.3,0.196,20.43109613
FALSE,52158,52158,253.9231777,0.151,0.5,0.171,2.4,0.2222,191.7251428
FALSE,107589,107589,2261.556906,0.0964,0.507,0.223,2.9,0.2492,362.4905892
FALSE,62640,62640,66.85694007,0.0418,0.456,0.145,3.8,0.1694,15.9642401
TRUE,58394,58394,133.9387851,-0.0037,0.505,0.172,5.1,0.1914,119.8753297
FALSE,68248,68248,45.0043725,0.0071,0.502,0.13,3.8,0.15,14.65244403
FALSE,59048,59048,18.72461939,0.0059,0.491,0.604,12.8,0.2018,16.93537461
FALSE,106555,106555,1611.211601,0.0906,0.511,0.26,3.1,0.1959,131.3875463
FALSE,48979,48979,27.63587656,-0.0287,0.454,0.201,5.7,0.2148,40.83382674
FALSE,86202,86202,112.9134724,0.0611,0.501,0.132,3.5,0.1602,197.2112016
FALSE,56926,56926,167.6909213,0.0687,0.501,0.538,7.2,0.2223,228.3666514
TRUE,51134,51134,37.99285143,0.0069,0.504,0.121,3.6,0.201,215.1210545
FALSE,48102,48102,43.38813146,0.0369,0.487,0.85,18.3,0.2149,41.57831275
FALSE,59605,59605,1.771850937,-0.0281,0.499,0.234,3.5,0.1745,33.55423203
FALSE,53245,53245,110.6998646,0.0673,0.488,0.546,7.7,0.2251,112.6866372
FALSE,57297,57297,110.0747074,-0.0003,0.449,0.553,7.9,0.2458,17.45292075
FALSE,46897,46897,51.24380802,-0.0043,0.5,0.22,5,0.1696,63.96997676
FALSE,53613,53613,6.732385211,-0.1414,0.378,0.193,4.6,0.2642,37.30438513
FALSE,72721,72721,2473.975846,0.022,0.507,0.486,4.4,0.2348,1691.395883
FALSE,61105,61105,73.61811902,0.0411,0.518,0.588,6.9,0.2056,65.46109156
FALSE,112069,112069,497.4495777,0.0248,0.511,0.163,2.3,0.1411,80.3076676
FALSE,52760,52760,11.87383353,-0.0609,0.491,0.121,4.6,0.1599,37.90750569
TRUE,52309,52309,24.74059155,-0.0126,0.504,0.258,4,0.1741,95.58584565
FALSE,59733,59733,143.5059525,0.0788,0.495,0.61,8.1,0.2123,16.74116485
FALSE,66226,66226,4.737318882,0.0168,0.47,0.268,3.7,0.2233,30.19961948
FALSE,76509,76509,132.3116691,0.0438,0.491,0.594,6.2,0.2116,52.28143094
FALSE,90230,90230,184.0606551,0.0091,0.502,0.346,2.8,0.1876,132.9934612
FALSE,69550,69550,104.1531805,0.0099,0.509,0.098,3.3,0.1541,43.13443566
FALSE,95761,95761,4016.975137,0.0521,0.507,0.34,2.8,0.2112,574.3465503
FALSE,97688,97688,283.1033774,0.1253,0.512,0.144,3.1,0.1762,133.0767341
TRUE,72905,72905,342.8228483,0.1137,0.501,0.5,4.2,0.2076,452.6438516
FALSE,71891,71891,1608.943818,0.0859,0.511,0.236,3.7,0.2308,431.2083571
FALSE,84209,84209,45.22758531,0.12,0.499,0.608,5,0.2091,23.75043048
FALSE,67398,67398,108.6948068,0.0665,0.502,0.544,3.8,0.223,370.9308882
TRUE,83576,83576,793.5877413,0.0728,0.497,0.341,3.2,0.2373,1902.460036
TRUE,121795,121795,18807.18111,0.0866,0.49,0.152,2.2,0.3256,303.7891539
FALSE,68458,68458,547.786925,0.1008,0.501,0.42,5.9,0.2098,116.8599725
FALSE,76599,76599,85.82848249,0.0476,0.494,0.229,2.9,0.1741,313.3200172
FALSE,135234,135234,1709.543541,0.0628,0.505,0.24,2,0.2263,88.73508141
FALSE,74530,74530,163.2486742,0.0506,0.5,0.46,3.7,0.1956,295.1831477
TRUE,132444,132444,1494.343074,0.0758,0.493,0.25,2.5,0.2398,203.8597445
FALSE,85770,85770,613.7273401,0.0396,0.505,0.34,4.7,0.1802,139.9090591
FALSE,61464,61464,47.69823187,0.0159,0.509,0.105,4.7,0.1908,48.80905896
FALSE,45954,45954,6.935295267,-0.0313,0.503,0.132,6.5,0.16,87.0435653
FALSE,85704,85704,544.7335917,0.0766,0.502,0.273,3.7,0.216,116.6806683
TRUE,87084,87084,313.6950304,0.0212,0.512,0.273,2.7,0.1931,367.4613017
FALSE,91446,91446,459.0043149,0.0268,0.505,0.432,3.6,0.199,164.0312315
FALSE,70951,70951,217.3079633,0.0891,0.515,0.319,4.1,0.1989,126.8481064
FALSE,75341,75341,443.1290803,0.1465,0.494,0.408,2.9,0.2441,132.7298549
FALSE,38213,38213,22.46337403,0.0485,0.501,0.476,3.6,0.2035,78.50731426
FALSE,82364,82364,822.6913921,0.1288,0.504,0.198,2.7,0.2349,242.824535
FALSE,57604,57604,10.39050493,0.1386,0.496,0.184,3.2,0.1484,34.71981112
TRUE,88341,88341,449.1270004,0.097,0.496,0.14,2.4,0.205,452.7908898
FALSE,106892,106892,2133.105285,0.2069,0.503,0.127,2.4,0.2302,46.77618531
FALSE,60331,60331,20.08677693,0.1251,0.47,0.1,2.4,0.1914,49.72568
FALSE,79900,79900,24.54285765,0.0631,0.471,0.076,2.5,0.1808,37.54693367
FALSE,51525,51525,27.28602075,0.0067,0.497,0.153,3.3,0.1532,58.22416303
FALSE,75456,75456,4753.013072,0.1747,0.499,0.293,2.7,0.3279,954.1984733
FALSE,123697,123697,417.9170911,0.1871,0.5,0.091,2.4,0.1869,88.92697479
FALSE,89268,89268,32.72544864,0.0531,0.472,0.297,2.2,0.2372,33.60666756
FALSE,72675,72675,338.7260961,0.1362,0.495,0.177,3.3,0.2318,357.7571379
FALSE,52239,52239,31.2047476,0.0212,0.425,0.135,4.6,0.2149,38.28557208
FALSE,73788,73788,20.37649407,0.0611,0.489,0.293,2.7,0.2115,40.6570174
FALSE,74806,74806,41.64887655,0.1285,0.474,0.071,2.3,0.1688,13.36791166
FALSE,71029,71029,8.521770214,0.0566,0.465,0.096,2.1,0.208,42.23626969
FALSE,60408,60408,5.391003674,0.1224,0.459,0.096,2.1,0.2179,49.66229638
FALSE,61391,61391,0.733944297,-0.028,0.485,0.057,3.7,0.128,16.28903259
FALSE,89696,89696,762.725593,0.0829,0.501,0.156,2.5,0.2272,334.4630753
FALSE,56850,56850,21.56211944,0.1005,0.461,0.354,2.3,0.2457,17.59014952
FALSE,77829,77829,33.22600968,0.0869,0.496,0.128,2.5,0.206,77.0920865
TRUE,75332,75332,137.4802485,0.1605,0.502,0.119,2.4,0.2149,424.7862794
FALSE,43452,43452,3.03938758,-0.069,0.478,0.404,3.9,0.172,23.0139004
FALSE,60249,60249,46.32358198,0.0486,0.505,0.148,3.4,0.197,99.58671513
FALSE,52641,52641,12.90103556,0.0247,0.507,0.126,4.2,0.1695,94.98299804
FALSE,50707,50707,19.08247218,0.0347,0.508,0.209,3.1,0.1634,78.88457215
FALSE,43723,43723,14.48380734,-0.0303,0.51,0.422,4.1,0.1762,22.87125769
FALSE,72836,72836,9.143397348,0.1042,0.493,0.065,2.9,0.1383,54.91789774
FALSE,77221,77221,8.589937489,0.14,0.473,0.064,2.5,0.1587,12.94984525
FALSE,92820,92820,18.30334286,0.0348,0.482,0.105,3.1,0.2171,10.77354019
FALSE,51075,51075,70.58535588,0.0556,0.507,0.432,4.1,0.1954,78.31620166
FALSE,48496,48496,12.35473563,-0.0635,0.5,0.444,4.1,0.1812,20.62025734
FALSE,87691,87691,10.85424123,0.083,0.481,0.069,2.2,0.2201,34.21103648
FALSE,37004,37004,2.153683496,0.1049,0.503,0.364,4,0.1306,27.0241055
FALSE,50524,50524,1.878767859,0.0398,0.449,0.125,3,0.169,39.58514765
FALSE,77209,77209,6.357010783,0.1003,0.472,0.114,2.8,0.2294,25.90371589
FALSE,86570,86570,50.97491937,0.0973,0.453,0.146,1.8,0.2815,80.85942012
FALSE,70599,70599,45.57539202,0.0803,0.493,0.071,3.1,0.1488,56.65802632
FALSE,78160,78160,81.38265135,0.2209,0.494,0.3,2.5,0.2294,166.3254862
FALSE,52841,52841,4.237429713,-0.0024,0.499,0.251,1.6,0.1814,18.92469862
TRUE,96966,96966,1509.596889,0.0281,0.513,0.205,3.6,0.1769,165.0062909
FALSE,75336,75336,1213.064398,-0.0026,0.514,0.188,3.9,0.1993,252.2034618
FALSE,81015,81015,195.8948901,-0.0532,0.505,0.071,3.5,0.1614,86.40375239
FALSE,81721,81721,439.8471707,-0.0199,0.513,0.066,3.2,0.1742,61.18378385
FALSE,69687,69687,1413.97604,-0.009,0.518,0.191,3.9,0.1963,272.6476961
FALSE,75226,75226,398.8791929,-0.0334,0.498,0.111,3.6,0.1908,132.9327626
FALSE,90181,90181,367.4204196,-0.0131,0.5,0.059,3.3,0.1677,11.08881028
FALSE,63309,63309,227.6851689,-0.0141,0.504,0.124,4,0.1904,63.18216999
FALSE,58804,58804,308.414324,0.1022,0.518,0.074,4.2,0.198,68.0225835
FALSE,76076,76076,1310.746776,0.0363,0.516,0.104,3.7,0.2105,118.3027499
TRUE,64839,64839,250.2192657,0.1583,0.516,0.093,3.8,0.1495,169.6509817
FALSE,90395,90395,11560.5589,0.1474,0.526,0.113,5.5,0.3236,188.0634991
FALSE,49880,49880,307.4706864,0.0807,0.518,0.105,2.9,0.2158,120.2886929
FALSE,60454,60454,49.91191512,0.0717,0.474,0.028,3.1,0.2186,16.54150263
FALSE,58376,58376,230.3420488,0.0335,0.504,0.067,3.9,0.1985,51.3909826
FALSE,57582,57582,592.6585958,0.0973,0.511,0.109,3.2,0.1691,208.3984579
FALSE,61429,61429,1614.152928,0.1048,0.513,0.311,3,0.2028,227.9053867
FALSE,54756,54756,277.694887,0.1532,0.513,0.077,3.7,0.1148,18.26283878
FALSE,49762,49762,257.2769969,0.0563,0.515,0.061,4.8,0.1259,40.19131064
FALSE,76415,76415,192.6124092,0.1647,0.507,0.286,3.1,0.1435,52.34574364
FALSE,47087,47087,89.88006129,0.058,0.482,0.067,3.2,0.1921,21.23728418
FALSE,58339,58339,1256.579707,0.0976,0.515,0.105,3.3,0.2355,342.82384
FALSE,52822,52822,484.8970464,0.065,0.506,0.059,3.2,0.2084,94.65752906
FALSE,62831,62831,237.0550878,0.1684,0.519,0.109,3.8,0.137,15.9157104
FALSE,47504,47504,22.67520688,0.0475,0.431,0.057,3.5,0.2111,21.05085888
FALSE,50705,50705,410.3788259,0.109,0.518,0.148,4.2,0.1576,39.44384183
FALSE,45723,45723,104.484982,0.07,0.512,0.211,4.5,0.1416,21.87083087
TRUE,61133,61133,1442.803177,0.1649,0.511,0.297,3.1,0.2254,278.0822142
FALSE,61173,61173,318.0192972,0.1369,0.52,0.127,3.8,0.1374,49.04124369
FALSE,57660,57660,391.2248863,0.1909,0.516,0.167,3.2,0.1661,69.37218176
FALSE,62364,62364,982.2361134,0.197,0.51,0.225,3.1,0.1621,128.2791354
FALSE,55081,55081,440.2506103,0.0616,0.527,0.067,3.1,0.2042,90.7754035
FALSE,64151,64151,542.7866114,0.1994,0.517,0.169,3.1,0.1573,93.52932924
FALSE,49079,49079,230.7152964,0.0938,0.521,0.141,3.8,0.1613,20.37531327
FALSE,54991,54991,1431.689462,0.0812,0.514,0.694,2.4,0.209,327.3262898
FALSE,67528,67528,75.49004253,0.0153,0.482,0.253,2.1,0.1839,74.04335979
FALSE,72818,72818,136.6322407,0.1728,0.509,0.047,2.9,0.1724,54.93147299
FALSE,63520,63520,226.539833,0.142,0.493,0.097,2.7,0.2277,62.97229219
FALSE,63133,63133,1542.403443,0.1776,0.509,0.327,2.9,0.2428,300.9519586
FALSE,52270,52270,283.0616225,0.2849,0.506,0.558,3.3,0.2177,19.13143294
FALSE,66621,66621,759.8731421,0.118,0.515,0.234,3.3,0.177,225.1542306
FALSE,55745,55745,741.6754364,0.1611,0.514,0.165,3.5,0.1741,107.6329716
FALSE,56708,56708,3560.991822,0.06,0.52,0.102,3,0.1787,652.4652606
FALSE,51817,51817,403.1383268,0.1693,0.51,0.246,3.7,0.1942,77.19474304
FALSE,90839,90839,440.6389691,0.282,0.513,0.075,2.6,0.16,55.04243772
FALSE,57292,57292,574.0200655,0.1538,0.512,0.199,3.9,0.1701,52.3633317
FALSE,66139,66139,182.1985854,0.1787,0.49,0.059,3,0.2072,30.23934441
FALSE,66258,66258,780.2967611,0.1252,0.524,0.096,3.1,0.1259,90.55510278
FALSE,69954,69954,1525.853677,0.1041,0.516,0.225,2.9,0.219,100.0657575
FALSE,63464,63464,242.1137507,0.2945,0.503,0.059,4.6,0.0896,15.75696458
FALSE,53554,53554,502.514005,0.1061,0.512,0.15,3.4,0.1716,93.36370766
FALSE,62600,62600,71.38513432,0.2569,0.495,0.065,2.8,0.1841,15.97444089
FALSE,60254,60254,234.4454503,0.0704,0.507,0.092,3.3,0.2014,16.59640854
FALSE,43066,43066,613.2197852,-0.0156,0.532,0.035,3.9,0.1983,46.44034737
FALSE,48788,48788,118.3218417,0.118,0.51,0.042,3.7,0.1943,20.49684349
FALSE,59193,59193,240.4283115,0.0789,0.513,0.072,3.4,0.1982,16.89388948
FALSE,57122,57122,678.7169031,0.084,0.52,0.067,3.3,0.2301,105.038339
FALSE,88635,88635,613.6802364,0.1717,0.508,0.111,2.7,0.187,22.56444971
FALSE,41036,41036,1076.602349,0.0905,0.526,0.11,3.6,0.2265,97.47538746
FALSE,79622,79622,2238.678365,0.0948,0.515,0.133,3,0.2195,125.593429
FALSE,88285,88285,540.2254473,0.2084,0.512,0.071,3,0.2145,11.32695248
FALSE,79232,79232,336.8375929,0.1427,0.513,0.073,2.9,0.1901,12.62116317
FALSE,63606,63606,2837.623607,0.0888,0.528,0.085,3.4,0.244,110.0525108
FALSE,37109,37109,34.16339236,-0.1141,0.454,0.07,3.8,0.1895,26.94764073
FALSE,36894,36894,267.5964209,-0.0751,0.54,0.031,4.7,0.1933,54.20935653
FALSE,47980,47980,67.71772044,0.0957,0.515,0.026,3.3,0.133,62.52605252
FALSE,94563,94563,588.7610501,0.0686,0.516,0.075,3,0.1451,21.14992122
FALSE,50520,50520,193.1670429,0.0221,0.516,0.116,3.8,0.1927,19.79414093
FALSE,113332,113332,1090.308498,0.2814,0.504,0.097,2.7,0.1726,8.823633219
TRUE,79235,79235,2020.255015,0.1347,0.516,0.072,3.5,0.2469,315.5171326
FALSE,58017,58017,203.1956889,0.0664,0.53,0.068,3.3,0.1767,17.23632728
FALSE,60973,60973,47.2956754,0.1272,0.511,0.064,3.9,0.1446,16.40070195
FALSE,72225,72225,2175.387968,0.1398,0.512,0.217,3,0.2036,83.07372793
FALSE,66698,66698,520.4948292,0.1211,0.503,0.291,2.8,0.1919,14.99295331
FALSE,72927,72927,728.1631158,0.1306,0.524,0.072,3.5,0.1899,13.71234248
FALSE,66645,66645,214.8511907,0.1712,0.506,0.084,2.7,0.2019,15.00487658
FALSE,46450,46450,236.6741522,0.0696,0.517,0.06,3.5,0.2132,21.5285253
FALSE,57078,57078,118.7913746,0.1084,0.504,0.051,3.1,0.1623,17.51988507
FALSE,47035,47035,904.7253738,0.0301,0.514,0.077,4.5,0.2314,21.26076326
FALSE,44810,44810,624.4272738,0.0097,0.515,0.051,4.5,0.2299,44.63289444
FALSE,47296,47296,168.8986154,0.0412,0.522,0.037,3.2,0.1996,42.28687415
FALSE,54786,54786,127.9592498,0.1186,0.513,0.034,2.6,0.1548,18.25283832
FALSE,53115,53115,360.2098711,0.0194,0.502,0.363,4.4,0.1973,18.82707333
FALSE,64929,64929,50.02287499,0.0816,0.506,0.129,3.4,0.1797,30.80287699
FALSE,86946,86946,1622.262765,0.0219,0.498,0.1,2.6,0.2201,138.0167
FALSE,73029,73029,116.6098884,0.072,0.506,0.114,2.7,0.1888,27.38638075
FALSE,77375,77375,144.1360079,0.0752,0.504,0.116,2.6,0.1941,38.77221325
FALSE,72295,72295,457.5318077,0.1853,0.499,0.085,2.5,0.2173,248.9798741
FALSE,53306,53306,78.96488092,0.0566,0.503,0.089,2.8,0.2162,37.5192286
FALSE,75778,75778,8.708247055,0.0715,0.498,0.235,2.6,0.1668,52.78576896
FALSE,56729,56729,26.36902569,0.1063,0.501,0.034,4.2,0.151,35.25533678
FALSE,65165,65165,63.80336931,0.1245,0.501,0.134,2.4,0.2102,30.69132203
FALSE,50709,50709,9.652677051,0.104,0.498,0.051,4.4,0.1462,19.72036522
FALSE,58670,58670,391.3189301,0.1781,0.504,0.256,3.2,0.2033,34.08897222
FALSE,48866,48866,1.966062044,0.024,0.476,0.036,4.5,0.14,40.92825277
FALSE,62764,62764,133.1835627,0.1642,0.505,0.049,3.6,0.1924,95.59620164
FALSE,54999,54999,37.27523151,0.0714,0.492,0.045,2.7,0.2011,54.5464463
FALSE,46062,46062,1.759000497,0.0113,0.495,0.035,4.8,0.1481,21.70986931
FALSE,39239,39239,4.898722841,0.0091,0.497,0.036,5.9,0.1612,50.96969851
FALSE,73637,73637,27.01488021,0.1624,0.475,0.167,2.2,0.209,27.16025911
FALSE,56141,56141,45.22038941,0.1111,0.507,0.171,2.8,0.2086,35.62458809
FALSE,64041,64041,3.108733352,0.1343,0.481,0.047,3.9,0.1601,46.84498993
FALSE,55942,55942,76.51408673,-0.0255,0.507,0.018,3.4,0.1814,17.87565693
FALSE,53485,53485,210.4749133,0.0411,0.503,0.063,3.8,0.2013,93.48415444
FALSE,51573,51573,45.53855002,-0.0773,0.491,0.017,4.8,0.1837,19.38999089
FALSE,67201,67201,79.23051773,-0.0053,0.482,0.032,3.1,0.2001,14.88073094
TRUE,69375,69375,5448.102559,-0.0086,0.514,0.256,3.8,0.2354,1225.225225
FALSE,64676,64676,166.1584617,-0.0025,0.504,0.117,4.1,0.1935,30.92337188
FALSE,96354,96354,2818.087994,0.0065,0.508,0.146,2.9,0.1935,217.9463229
FALSE,51333,51333,27.52922002,-0.0825,0.51,0.013,4.2,0.167,19.48064598
FALSE,58943,58943,71.03098102,-0.0069,0.501,0.023,3.3,0.1922,16.96554298
FALSE,43695,43695,94.08176791,-0.0284,0.508,0.017,5.4,0.1711,22.88591372
FALSE,61680,61680,59.43364703,-0.0322,0.501,0.06,4.8,0.1691,32.42542153
FALSE,37308,37308,97.16118141,-0.0611,0.504,0.047,3.8,0.1859,53.6078053
FALSE,63351,63351,58.96211725,-0.0557,0.513,0.014,4.4,0.1655,15.78507048
FALSE,62522,62522,35.32766471,-0.068,0.499,0.032,4.1,0.1374,15.99436998
FALSE,84311,84311,1023.737737,0.0322,0.502,0.324,4.4,0.1861,106.7476367
FALSE,60763,60763,162.3841929,-0.0327,0.507,0.108,5,0.1827,32.91476721
FALSE,105586,105586,402.6722025,0.1105,0.505,0.2,3.3,0.2058,9.470952588
FALSE,43404,43404,69.37373935,-0.0648,0.495,0.06,5,0.1744,46.07870242
FALSE,92638,92638,1569.939369,-0.0099,0.5,0.224,4.1,0.1745,183.5100067
FALSE,59528,59528,95.73315338,-0.0484,0.495,0.103,5.3,0.1832,33.59763473
FALSE,89379,89379,510.2599429,-0.0032,0.502,0.139,3.3,0.1784,67.12986272
FALSE,69230,69230,144.9384727,0.0113,0.515,0.052,3.8,0.1906,57.77841976
FALSE,52259,52259,179.1130881,-0.065,0.521,0.024,5.3,0.1772,38.27091984
FALSE,66591,66591,367.4854873,-0.024,0.513,0.034,3.9,0.1972,45.05113304
FALSE,54159,54159,58.05630264,-0.1203,0.519,0.032,5.6,0.157,18.46415185
FALSE,90904,90904,89.96366338,0.0485,0.502,0.016,3.1,0.1734,22.00123207
FALSE,63565,63565,66.76079064,-0.0564,0.504,0.105,4.8,0.1747,15.73192795
FALSE,57717,57717,289.3675641,-0.0408,0.515,0.051,5.1,0.1988,51.97775352
FALSE,56880,56880,47.34686856,-0.0686,0.448,0.032,5.1,0.2037,17.58087201
FALSE,58444,58444,55.22502172,-0.0533,0.449,0.033,3.7,0.2049,17.11039628
FALSE,57772,57772,331.7751546,-0.0399,0.507,0.132,4.9,0.1862,86.54711625
FALSE,57726,57726,394.804176,-0.0399,0.518,0.043,4.5,0.1984,51.96964972
FALSE,61768,61768,224.1984932,-0.0143,0.52,0.024,4,0.1896,80.94806372
FALSE,51786,51786,78.82406917,-0.0722,0.514,0.043,4.4,0.1584,57.93071487
FALSE,66206,66206,203.0944229,-0.0272,0.508,0.025,4.4,0.1853,15.10437121
FALSE,51575,51575,40.27727054,-0.0694,0.499,0.053,5.7,0.1758,19.38923897
FALSE,53621,53621,31.054286,-0.0512,0.506,0.099,4.1,0.1621,18.64940975
FALSE,90249,90249,825.3511736,0.0191,0.504,0.182,3.8,0.1858,132.9654622
FALSE,56958,56958,158.5080531,0.0036,0.502,0.027,4.3,0.1974,17.55679624
FALSE,59510,59510,550.4341965,-0.0449,0.512,0.135,5.7,0.1867,100.823391
FALSE,56838,56838,577.0491155,0.0632,0.511,0.077,3.1,0.2057,140.7509061
FALSE,71181,71181,205.8917495,0.0834,0.497,0.072,2.5,0.2106,28.09738554
FALSE,84137,84137,160.4183366,0.1651,0.503,0.032,2.5,0.1908,11.88537742
FALSE,59441,59441,317.286881,0.0682,0.513,0.057,3.3,0.2075,16.82340472
FALSE,54349,54349,73.34802625,-0.0254,0.504,0.015,3.5,0.1838,18.39960257
FALSE,71351,71351,162.1393025,-0.0119,0.503,0.014,3.6,0.1699,14.01522053
FALSE,59714,59714,119.8239367,0.0288,0.504,0.028,2.8,0.1868,16.74649161
FALSE,45912,45912,291.0686416,-0.031,0.518,0.026,3.9,0.1671,21.78079805
FALSE,63869,63869,100.0212981,0.0198,0.498,0.087,2.4,0.1694,46.97114406
FALSE,55782,55782,445.4973336,0.0426,0.506,0.168,3.1,0.1901,71.70771934
FALSE,64614,64614,530.78717,0.0502,0.515,0.035,3.2,0.1959,61.90608846
FALSE,67315,67315,59.19933408,-0.0145,0.502,0.013,3.4,0.1626,14.85552997
FALSE,47509,47509,158.8339282,-0.0653,0.521,0.044,3.7,0.1611,21.04864341
FALSE,51918,51918,58.84293864,-0.0389,0.5,0.016,4.1,0.1695,19.26114257
FALSE,107710,107710,857.3149668,0.1877,0.512,0.043,2.5,0.196,120.6944573
FALSE,77905,77905,255.4376242,0.1045,0.507,0.026,2.8,0.1889,25.67229318
FALSE,64270,64270,83.61952959,0.0284,0.5,0.021,3.2,0.1818,15.55935895
FALSE,85827,85827,418.5460703,0.146,0.5,0.043,2.7,0.2003,46.60538059
FALSE,54048,54048,281.6653416,-0.0025,0.514,0.035,4,0.1785,37.00414446
FALSE,65352,65352,59.97230288,0.0025,0.503,0.062,3.7,0.1711,15.30175052
FALSE,74427,74427,493.6132099,0.117,0.507,0.038,2.7,0.205,53.74393701
FALSE,64677,64677,149.5273636,0.0264,0.5,0.082,2.8,0.1906,15.46144688
TRUE,57280,57280,973.0079104,-0.0217,0.516,0.196,4.9,0.1888,209.4972067
FALSE,56427,56427,183.6673636,-0.0144,0.485,0.069,4.3,0.1965,70.88805005
FALSE,56261,56261,101.0089766,-0.0168,0.505,0.017,3.6,0.1711,17.77430191
FALSE,54145,54145,286.7109965,-0.016,0.5,0.044,3.7,0.1894,36.93785206
FALSE,50707,50707,2433.981499,0.0634,0.518,0.109,3.3,0.2395,552.192005
FALSE,53113,53113,376.2423671,0.0705,0.503,0.036,3.3,0.2016,150.6222582
FALSE,54366,54366,75.97505415,0.0056,0.492,0.049,3.1,0.1766,18.3938491
FALSE,74064,74064,407.4800372,0.0355,0.505,0.104,3.7,0.1893,54.007345
FALSE,68435,68435,62.08203218,-0.019,0.5,0.012,2.7,0.1732,14.61240593
FALSE,64098,64098,78.19731629,-0.0103,0.476,0.02,3.5,0.185,15.6011108
FALSE,61219,61219,63.44612545,-0.0174,0.502,0.019,3.3,0.1713,16.33479802
FALSE,53881,53881,593.7009938,0.018,0.513,0.091,3.6,0.1972,111.3565079
FALSE,54001,54001,74.38521806,-0.016,0.501,0.041,4.3,0.1742,18.51817559
FALSE,59444,59444,111.976798,0.0118,0.493,0.037,2.7,0.1584,16.82255568
FALSE,51228,51228,391.615947,0.1173,0.489,0.087,2.9,0.1985,78.08229874
FALSE,53866,53866,43.75279115,-0.0655,0.506,0.018,3.3,0.173,18.5645862
FALSE,51603,51603,777.1752864,0.0096,0.515,0.028,3.1,0.207,38.75743658
FALSE,48082,48082,265.3968506,-0.0076,0.495,0.028,4.3,0.1931,20.79780375
FALSE,59874,59874,75.1538428,-0.061,0.515,0.027,3.1,0.1627,16.70174032
FALSE,79644,79644,163.7098346,0.0525,0.509,0.02,2.9,0.1778,12.55587364
FALSE,47885,47885,163.9966147,-0.046,0.516,0.032,3.6,0.1735,41.7667328
FALSE,58295,58295,47.71492205,-0.0224,0.502,0.088,2.7,0.1607,17.15412986
FALSE,60010,60010,231.9462537,0.0011,0.508,0.046,3.2,0.1919,66.65555741
FALSE,63975,63975,45.89822051,-0.0027,0.493,0.027,2.4,0.189,15.6311059
FALSE,61379,61379,35.41217027,-0.0323,0.505,0.029,1.9,0.1646,16.29221721
FALSE,54589,54589,74.69475448,-0.0401,0.51,0.051,2.7,0.1697,54.95612669
FALSE,53223,53223,22.54093886,-0.0331,0.493,0.02,3.7,0.1515,18.78886947
FALSE,97535,97535,158.8129432,0.2923,0.507,0.063,2,0.2323,10.25272979
FALSE,70091,70091,29.44322517,-0.0443,0.493,0.016,2.4,0.1562,14.26716697
FALSE,53547,53547,93.64298537,-0.0349,0.513,0.034,4,0.1744,37.3503651
FALSE,66211,66211,45.34347856,0.0342,0.503,0.022,2.9,0.1547,15.10323058
FALSE,62481,62481,159.9707384,0.0376,0.507,0.026,2.6,0.1882,64.01946192
FALSE,55847,55847,17.30323796,-0.0606,0.494,0.134,2.3,0.162,17.90606478
FALSE,63234,63234,25.61417319,-0.0609,0.504,0.062,2.9,0.1645,15.81427713
FALSE,56695,56695,22.00519394,-0.0269,0.507,0.045,2.7,0.1699,17.6382397
FALSE,66861,66861,27.59622615,-0.0106,0.499,0.032,2.2,0.1686,14.95640209
FALSE,57687,57687,30.56259129,-0.021,0.5,0.016,3.2,0.1572,17.33492815
FALSE,67295,67295,246.1403166,0.134,0.504,0.058,2,0.2185,74.29972509
FALSE,51089,51089,65.03541906,-0.0655,0.496,0.037,3.9,0.1766,39.14737028
FALSE,64783,64783,316.239817,0.0683,0.507,0.034,2.9,0.2042,123.489187
FALSE,59242,59242,38.70455784,-0.0129,0.492,0.024,2.5,0.1763,16.87991628
FALSE,66381,66381,59.96566486,-0.0017,0.501,0.02,2.1,0.1679,15.0645516
FALSE,55631,55631,68.76669211,-0.0325,0.495,0.23,4.5,0.18,17.97558915
FALSE,72679,72679,34.53983088,0.0033,0.497,0.035,2.3,0.16,13.75913262
FALSE,61247,61247,22.56502953,-0.0179,0.503,0.017,1.7,0.161,16.32733032
FALSE,56397,56397,17.76973358,-0.0341,0.503,0.027,3.1,0.1622,17.73143962
FALSE,61767,61767,97.5246246,-0.0019,0.499,0.183,2.9,0.1906,32.3797497
FALSE,60702,60702,14.94416631,-0.0846,0.492,0.085,1.9,0.1534,16.47392178
FALSE,52179,52179,28.24044476,-0.0546,0.469,0.037,2.6,0.1826,19.1647981
FALSE,67331,67331,854.2441116,0.1214,0.507,0.087,2.8,0.2279,193.0759977
FALSE,65724,65724,377.5314404,0.0446,0.509,0.07,3.3,0.2005,91.29085266
FALSE,64151,64151,169.5425074,0.078,0.478,0.037,1.9,0.185,62.35288616
FALSE,50533,50533,80.97806328,-0.0188,0.501,0.111,3.7,0.1907,19.78904874
FALSE,79557,79557,90.31864057,0.1018,0.507,0.031,2.5,0.1837,12.56960418
FALSE,63230,63230,38.61400933,0.0119,0.507,0.065,2.5,0.1757,15.81527756
FALSE,53344,53344,50.17194904,-0.0587,0.483,0.055,3.1,0.1809,18.74625075
FALSE,50258,50258,25.85339423,-0.0494,0.507,0.051,2.8,0.1596,19.89732978
FALSE,65482,65482,28.97800739,-0.0533,0.502,0.024,2.9,0.1398,30.54274457
FALSE,58419,58419,118.1289913,0.0091,0.502,0.174,2.7,0.1959,34.2354371
FALSE,60139,60139,18.4468276,-0.0294,0.493,0.034,2.8,0.1763,16.6281448
FALSE,54251,54251,21.64287363,-0.0531,0.497,0.132,2.6,0.1578,18.43283995
FALSE,46690,46690,24.72301785,-0.081,0.508,0.038,3.5,0.1679,21.4178625
FALSE,50754,50754,28.7904847,-0.0735,0.505,0.153,3.1,0.1787,19.70288056
FALSE,47452,47452,22.87122465,-0.044,0.507,0.028,4.2,0.1697,21.07392734
FALSE,66199,66199,46.79539229,0.0154,0.497,0.051,3.2,0.1856,15.10596837
FALSE,62715,62715,13.04575985,-0.0516,0.506,0.028,4.5,0.1654,15.94514869
FALSE,42723,42723,65.820441,-0.0081,0.501,0.061,3.9,0.175,23.40659598
FALSE,62559,62559,268.187711,0.0935,0.502,0.065,2.9,0.2081,63.93964098
FALSE,51237,51237,31.72865791,0.0035,0.496,0.059,2.3,0.1912,19.51714581
FALSE,54604,54604,30.61084195,-0.0068,0.481,0.56,2.5,0.2019,18.31367665
FALSE,52986,52986,2.459723888,-0.0224,0.5,0.031,2.1,0.1517,18.87290983
FALSE,60615,60615,20.07110453,-0.0221,0.498,0.048,2.9,0.1577,16.49756661
FALSE,91913,91913,1272.566147,0.0966,0.509,0.079,2.8,0.2116,43.5194151
FALSE,75840,75840,176.6476316,0.0677,0.467,0.073,3.4,0.2153,13.18565401
FALSE,49840,49840,39.16934325,-0.0149,0.514,0.218,3.4,0.1827,20.06420546
FALSE,53371,53371,49.3871809,-0.0405,0.497,0.097,3.2,0.1841,18.73676716
FALSE,51996,51996,121.7375047,0.042,0.47,0.084,2.8,0.2299,57.6967459
FALSE,56741,56741,75.28758374,-0.0255,0.504,0.118,3,0.1845,17.62394036
FALSE,60014,60014,517.3291148,0.0343,0.506,0.15,3.5,0.2096,166.6277868
FALSE,59451,59451,325.128305,-0.006,0.516,0.128,3.3,0.1875,67.28229971
FALSE,46263,46263,6.041870633,-0.0727,0.491,0.04,2.6,0.1539,21.6155459
FALSE,47292,47292,1091.220317,0.0479,0.502,0.298,4.3,0.2214,21.14522541
FALSE,78806,78806,542.2209053,0.1106,0.505,0.044,3.4,0.191,12.68938913
FALSE,47046,47046,68.30066375,-0.01,0.511,0.068,3.8,0.1688,21.2557922
FALSE,53644,53644,166.8433526,0.0542,0.501,0.034,4.7,0.1776,18.64141376
FALSE,66520,66520,618.5000132,0.0347,0.509,0.022,3.5,0.214,75.1653638
FALSE,46390,46390,98.20307372,-0.0496,0.47,0.081,5.6,0.2257,21.55636991
FALSE,58981,58981,1139.267193,0.0846,0.511,0.074,3.3,0.2216,186.5007375
FALSE,57711,57711,178.0232898,0.0488,0.501,0.058,4.1,0.2048,17.32771915
FALSE,51475,51475,61.64562416,0.0021,0.509,0.025,4.3,0.1735,19.42690627
FALSE,53199,53199,103.5337979,-0.023,0.517,0.028,3.8,0.1853,18.79734581
FALSE,59025,59025,2015.575055,0.0335,0.517,0.059,4,0.2145,338.8394748
FALSE,68692,68692,1042.109204,0.0436,0.505,0.034,3.6,0.2172,29.11547196
FALSE,48219,48219,262.9932782,-0.0022,0.52,0.027,4.9,0.1827,41.47742591
FALSE,50316,50316,212.6423245,0.1083,0.515,0.027,3.9,0.1852,19.87439383
FALSE,55267,55267,88.15620767,0.0274,0.51,0.031,4.6,0.1735,18.09398013
FALSE,47542,47542,40.8565678,0.0063,0.499,0.035,5.1,0.1788,21.03403307
FALSE,36875,36875,73.55563379,-0.1235,0.512,0.01,5.8,0.1712,27.11864407
FALSE,43568,43568,98.69108516,0.0295,0.512,0.026,4.7,0.1795,45.90525156
FALSE,74719,74719,202.309718,0.1725,0.508,0.043,3.5,0.2102,13.38347676
FALSE,53238,53238,245.3766617,0.1438,0.51,0.056,3.9,0.1979,18.78357564
FALSE,83072,83072,436.5941217,0.1531,0.508,0.06,4.1,0.2142,12.03775039
FALSE,38316,38316,48.22484425,-0.0481,0.497,0.021,5.8,0.2037,26.0987577
FALSE,54080,54080,151.226643,0.0792,0.506,0.069,4.3,0.2234,36.98224852
FALSE,45613,45613,273.4130187,-0.0615,0.527,0.029,5.4,0.2012,43.84714884
FALSE,53050,53050,191.260545,0.0524,0.511,0.041,4.1,0.2144,18.85014138
FALSE,56303,56303,966.3683039,-0.0003,0.523,0.044,4.4,0.2112,53.28312879
FALSE,60053,60053,909.4596606,0.0933,0.514,0.046,4.3,0.2337,49.95587231
FALSE,41608,41608,99.08382124,0.0001,0.513,0.031,5.4,0.1787,24.03383965
FALSE,49536,49536,30.47155121,-0.0369,0.518,0.025,6,0.1697,20.1873385
FALSE,45092,45092,2302.780614,0.1187,0.528,0.055,4.9,0.2525,288.2994766
FALSE,43235,43235,251.109917,-0.0029,0.522,0.022,5.3,0.2054,46.25881809
FALSE,49687,49687,98.37005923,-0.0152,0.516,0.032,5.1,0.1943,20.12598869
FALSE,71526,71526,307.9873361,0.1024,0.514,0.059,4.2,0.1805,41.94279003
FALSE,47860,47860,170.3048877,0.1014,0.515,0.044,5.5,0.2128,20.89427497
FALSE,51719,51719,89.67336816,-0.0127,0.508,0.051,4.6,0.2067,19.33525397
FALSE,65296,65296,38.60977049,-0.0037,0.35,0.017,4.1,0.2305,15.31487381
FALSE,58958,58958,231.3972051,0.0053,0.51,0.019,3,0.186,84.80613318
FALSE,40675,40675,10.05121917,-0.0718,0.506,0.014,4.6,0.1498,49.170252
TRUE,75254,75254,353.1950659,0.0452,0.516,0.022,2.4,0.2039,451.8032264
FALSE,51136,51136,17.79962266,-0.0188,0.509,0.013,3.8,0.1611,19.55569462
FALSE,58926,58926,34.65072944,0.0103,0.515,0.016,3.5,0.1649,118.7930625
FALSE,55358,55358,140.9782323,0.0012,0.513,0.017,2.9,0.1763,108.3854185
FALSE,55910,55910,108.9243949,0.0009,0.504,0.016,2.9,0.161,107.3153282
FALSE,58619,58619,75.98208057,0.0051,0.51,0.013,3,0.1494,68.23726096
FALSE,50344,50344,27.91500549,0.0024,0.506,0.015,3.6,0.162,59.59002066
FALSE,50702,50702,44.784159,-0.0117,0.504,0.015,3.2,0.1906,236.6770542
FALSE,65841,65841,141.3350677,0.0157,0.514,0.019,2.3,0.1755,15.18810468
FALSE,45333,45333,12.86412226,-0.0345,0.503,0.012,4.5,0.1644,66.17695718
FALSE,51073,51073,54.41022142,0.0234,0.506,0.016,3.2,0.1641,117.4789027
FALSE,39068,39068,12.24469887,-0.0471,0.51,0.026,4.6,0.1485,51.19279205
FALSE,66803,66803,209.5874385,0.0506,0.512,0.018,2.7,0.1835,149.693876
FALSE,100916,100916,1396.074254,0.0718,0.505,0.084,3.1,0.2135,49.5461572
FALSE,76972,76972,1382.863504,0.027,0.527,0.058,3.7,0.2011,116.9256353
FALSE,111056,111056,434.0799054,0.0409,0.504,0.044,3.2,0.1811,36.01786486
FALSE,60143,60143,104.5836347,0.0102,0.511,0.078,3.6,0.1897,33.25407778
FALSE,101810,101810,376.3379841,0.0078,0.505,0.039,2.9,0.1782,29.46665357
FALSE,48709,48709,59.04413192,-0.0216,0.525,0.061,4.8,0.174,20.53008684
TRUE,102951,102951,393.1213942,0.1008,0.507,0.105,3.2,0.197,106.8469466
FALSE,91492,91492,584.4141582,0.0416,0.51,0.048,3.3,0.1917,32.78975211
FALSE,121329,121329,1298.910031,0.1185,0.511,0.073,2.7,0.1942,32.9682104
FALSE,110012,110012,2138.787674,0.0751,0.516,0.201,2.9,0.1956,99.9890921
FALSE,85357,85357,1883.869805,0.0505,0.519,0.195,3.8,0.215,58.5775039
FALSE,101350,101350,135.4662981,0.0513,0.504,0.043,3.1,0.1621,39.4671929
FALSE,75714,75714,138.4571271,-0.0162,0.527,0.072,3.4,0.1461,26.41519402
FALSE,54351,54351,276.7009219,0.0471,0.527,0.055,4.6,0.1793,73.59570201
FALSE,65821,65821,111.6338267,0.0157,0.515,0.037,7.4,0.1527,45.57815895
FALSE,49780,49780,7332.106147,-0.0463,0.531,0.057,5.1,0.263,321.4142226
FALSE,82686,82686,540.9640788,-0.0136,0.522,0.034,3.9,0.1353,72.56367462
FALSE,58805,58805,134.8086208,-0.0502,0.517,0.051,3.5,0.1636,102.0321401
FALSE,69857,69857,1021.914821,0.03,0.516,0.086,3.7,0.1921,114.5196616
FALSE,76036,76036,167.8725362,0.046,0.507,0.039,4.1,0.166,26.30333
FALSE,83253,83253,1601.89458,0.0581,0.518,0.222,3,0.187,216.2084249
FALSE,60143,60143,100.3547737,-0.017,0.513,0.042,2.7,0.18,133.0163111
FALSE,59918,59918,755.698869,0.0062,0.517,0.263,4.1,0.1964,150.2052806
FALSE,74142,74142,305.0326692,0.0171,0.534,0.059,2.7,0.1567,202.3144776
FALSE,106543,106543,1970.733061,0.0674,0.51,0.083,2.3,0.2257,281.5764527
FALSE,96030,96030,253.4800978,0.1076,0.486,0.152,4.2,0.2184,10.41341248
FALSE,106851,106851,1784.31224,0.0508,0.519,0.05,2.5,0.1956,93.58826777
FALSE,90584,90584,790.8083299,0.0504,0.514,0.042,3,0.1698,132.473726
TRUE,75843,75843,13823.76105,0.1019,0.517,0.233,2.6,0.3082,184.5918542
TRUE,77795,77795,549.8004329,0.0386,0.507,0.122,3.1,0.1936,295.6488206
FALSE,52285,52285,9.953336903,-0.0541,0.447,0.017,7.8,0.1738,38.25188869
FALSE,66568,66568,143.0884201,0.0565,0.5,0.075,3.1,0.1829,105.1556303
FALSE,43676,43676,49.67124821,-0.042,0.506,0.015,4.7,0.164,22.89586959
FALSE,58317,58317,49.03059262,-0.011,0.502,0.025,5.1,0.1399,17.14765849
FALSE,67703,67703,111.2834754,0.0386,0.496,0.031,3.2,0.1751,29.54078844
FALSE,50130,50130,233.1574354,-0.045,0.509,0.055,4.7,0.1813,39.8962697
FALSE,56934,56934,55.57015239,0.0136,0.501,0.025,5.1,0.1549,35.12839428
FALSE,50659,50659,270.1925329,-0.0222,0.511,0.058,4,0.1766,315.8372648
FALSE,50205,50205,189.9642186,-0.0148,0.51,0.055,4.1,0.1849,119.510009
FALSE,58831,58831,62.79258008,0.0074,0.505,0.022,4.6,0.1548,50.99352382
FALSE,47876,47876,35.33800107,-0.0347,0.501,0.015,8.7,0.1416,20.88729217
FALSE,49610,49610,23.96593986,-0.0314,0.446,0.02,6.3,0.199,60.4716791
FALSE,42480,42480,54.84525487,0.0008,0.5,0.021,6.1,0.1551,23.54048964
FALSE,72666,72666,140.5259107,0.0529,0.507,0.046,3,0.1861,13.76159414
FALSE,49114,49114,25.21931401,-0.0032,0.489,0.022,5.6,0.1475,81.44317303
FALSE,48880,48880,30.55599199,-0.0359,0.503,0.016,5.2,0.1525,40.91653028
FALSE,53751,53751,33.14814815,-0.0368,0.497,0.017,4.2,0.1635,18.60430504
FALSE,65891,65891,191.7120876,0.0228,0.509,0.057,3.4,0.1923,75.88289751
FALSE,59456,59456,71.47685318,0.0216,0.506,0.018,5.4,0.1671,84.09580194
FALSE,50554,50554,637.0920771,-0.0492,0.518,0.036,4.9,0.1839,118.6849705
FALSE,39030,39030,12.6832261,-0.1755,0.493,0.018,5.2,0.146,25.62131694
FALSE,65041,65041,200.4776765,0.0656,0.511,0.03,3.4,0.1885,169.124091
FALSE,51046,51046,71.61579273,-0.0434,0.461,0.063,4.4,0.1983,39.18034714
FALSE,50015,50015,76.24558418,-0.0237,0.501,0.024,4.2,0.1605,19.9940018
FALSE,45006,45006,35.36223899,-0.0265,0.459,0.018,4.9,0.1497,88.87703862
FALSE,54704,54704,525.7965907,0.0394,0.513,0.08,3.5,0.2042,127.9613922
FALSE,59582,59582,113.2444373,0.0122,0.46,0.048,3.4,0.2056,67.13436944
FALSE,43605,43605,45.76066844,-0.0302,0.504,0.026,6,0.1397,45.86629974
FALSE,46677,46677,122.0094399,-0.0063,0.514,0.041,3.8,0.1771,64.27148274
FALSE,56001,56001,225.9052028,-0.011,0.489,0.036,3.8,0.1879,89.28411993
FALSE,56739,56739,471.9348785,0.0556,0.511,0.052,3.3,0.1988,334.8666702
FALSE,66560,66560,775.6733589,0.0827,0.507,0.108,2.9,0.2283,600.9615385
FALSE,47318,47318,3.917705957,-0.0189,0.489,0.017,6.9,0.1153,21.13360666
FALSE,66415,66415,136.2443119,-0.0081,0.493,0.047,5.4,0.1657,15.05683957
FALSE,72888,72888,62.68092669,0.0024,0.507,0.045,3.7,0.1344,54.87871803
FALSE,55466,55466,131.3459319,-0.0146,0.495,0.082,3.9,0.177,54.08718855
FALSE,87827,87827,339.6614619,0.0574,0.499,0.026,3.3,0.1682,68.31612147
FALSE,44986,44986,10.57099423,-0.0291,0.492,0.02,9.3,0.1442,22.22913795
FALSE,65051,65051,1823.727158,0.0378,0.513,0.028,4.2,0.1975,169.0980923
FALSE,50047,50047,45.29751046,-0.0071,0.484,0.035,5.5,0.1549,19.98121766
FALSE,54913,54913,36.8828595,-0.0057,0.497,0.016,4.8,0.1749,127.4743685
FALSE,49869,49869,58.86808612,0.0151,0.505,0.046,4.9,0.1614,40.1050753
FALSE,47705,47705,78.28367902,0.0151,0.497,0.024,4.7,0.1575,62.88648989
FALSE,69859,69859,161.0760615,-0.0057,0.505,0.029,3.7,0.1864,28.62909575
FALSE,64341,64341,273.9381937,-0.0101,0.506,0.037,3.9,0.1764,15.54218927
FALSE,50730,50730,347.6562656,0.0079,0.505,0.058,4.3,0.1941,78.84880741
FALSE,51772,51772,60.23088917,0.0106,0.497,0.06,4.2,0.1716,38.63092019
FALSE,81257,81257,1449.392218,0.0439,0.51,0.043,3.4,0.1983,381.5055934
FALSE,52319,52319,51.68619195,-0.0039,0.494,0.151,5.9,0.1625,19.11351517
FALSE,41347,41347,37.2625504,-0.0334,0.502,0.023,6.7,0.1483,24.18555155
FALSE,47343,47343,41.42014968,-0.0029,0.497,0.023,4,0.1628,21.12244682
FALSE,69827,69827,517.9185294,0.096,0.506,0.102,2.8,0.1852,286.4221576
FALSE,48471,48471,238.1398151,-0.0505,0.514,0.087,4.8,0.1813,82.52357079
FALSE,60208,60208,220.6525507,-0.0246,0.503,0.035,4.9,0.1685,49.82726548
FALSE,54024,54024,121.7840513,-0.0054,0.5,0.084,4.3,0.1797,37.02058344
FALSE,49917,49917,42.7710931,-0.0472,0.501,0.038,4.7,0.1551,40.06651041
FALSE,50256,50256,6.909928476,-0.0483,0.508,0.013,7,0.1275,19.89812162
FALSE,58733,58733,124.5765251,-0.0077,0.503,0.117,4.6,0.172,187.2882366
FALSE,76728,76728,520.7071172,0.0621,0.504,0.049,2.9,0.2062,260.6610364
FALSE,50753,50753,2858.029996,-0.0407,0.518,0.061,5.1,0.2044,512.2849881
FALSE,53146,53146,59.5236831,0.0266,0.498,0.021,4.5,0.1773,18.81609152
FALSE,83363,83363,843.7649228,0.0731,0.5,0.049,3.1,0.2034,119.9572952
FALSE,61311,61311,26.17314589,0.0557,0.501,0.023,4,0.1622,16.3102869
FALSE,54638,54638,18.83797616,0.0582,0.501,0.026,4.3,0.1853,18.30228046
FALSE,63395,63395,100.1442563,0.0596,0.5,0.028,3.9,0.2227,15.77411468
FALSE,60408,60408,90.464054,0.0538,0.497,0.039,2.8,0.1971,16.55409879
FALSE,65749,65749,41.64359325,0.0135,0.478,0.018,4.5,0.188,15.2093568
FALSE,101891,101891,296.5892895,0.1337,0.503,0.044,2.8,0.1802,29.44322855
FALSE,54984,54984,20.30554686,-0.0543,0.499,0.081,3.9,0.1768,18.18710898
FALSE,64874,64874,61.4349424,0.0813,0.504,0.047,3,0.2061,15.41449579
FALSE,58664,58664,3.761679074,0.0525,0.501,0.024,4.3,0.1523,17.04622937
FALSE,60384,60384,65.1139281,0.0393,0.503,0.015,4.3,0.1713,99.36406995
FALSE,89075,89075,763.1544307,0.071,0.506,0.076,2.9,0.2033,101.0384507
FALSE,86436,86436,47.655688,0.0405,0.5,0.049,3.4,0.186,11.56925355
FALSE,67592,67592,59.84779539,0.0559,0.5,0.017,3.2,0.1739,14.79465025
FALSE,62716,62716,24.45953791,0.0095,0.498,0.018,3.3,0.1642,15.94489444
FALSE,56716,56716,42.8249989,-0.0322,0.501,0.102,3.4,0.1708,17.63170887
FALSE,71497,71497,61.22842669,0.0034,0.504,0.034,3,0.1755,13.98660084
FALSE,55247,55247,10.89462931,-0.0077,0.495,0.023,4.5,0.1676,18.10053035
TRUE,82323,82323,2286.603287,0.0896,0.505,0.07,2.8,0.2458,522.3327624
FALSE,58660,58660,16.91705508,0.0016,0.494,0.016,6,0.1529,17.04739175
FALSE,64129,64129,54.21663309,0.0222,0.496,0.126,3.5,0.1836,31.18713842
FALSE,62762,62762,3.911525622,-0.0591,0.502,0.025,3.6,0.1417,15.93320799
FALSE,52545,52545,3.939666309,-0.0885,0.5,0.013,6.4,0.1453,19.0313065
FALSE,61082,61082,5.044820727,-0.0211,0.487,0.014,3.6,0.1499,16.37143512
FALSE,56244,56244,2.881646761,-0.0816,0.475,0.017,4.1,0.146,17.77967428
FALSE,75519,75519,64.3707104,0.041,0.495,0.068,4.5,0.1736,13.24170076
FALSE,55328,55328,10.50568507,-0.0456,0.495,0.023,3.8,0.1534,18.07403123
FALSE,63849,63849,35.64996033,-0.015,0.501,0.072,3.2,0.1908,15.66195242
FALSE,61847,61847,29.67480903,0.0056,0.496,0.019,5.2,0.1715,16.16893301
FALSE,71067,71067,76.42019737,0.0451,0.496,0.049,2.5,0.195,14.07122856
FALSE,80631,80631,242.2793943,0.0887,0.512,0.052,2.6,0.2171,62.01088911
FALSE,59901,59901,29.78903364,0.0246,0.497,0.037,4.2,0.1538,50.08263635
FALSE,55684,55684,20.95885393,-0.0058,0.464,0.03,5.5,0.1735,17.95847999
TRUE,68652,68652,3615.490237,0.0757,0.512,0.075,3,0.2379,335.0230146
FALSE,63451,63451,19.30750018,-0.0399,0.505,0.035,2.3,0.1601,15.7601929
FALSE,60228,60228,31.86445051,-0.0058,0.499,0.018,4,0.1771,182.639304
FALSE,108718,108718,418.0169212,0.1281,0.502,0.053,2.7,0.1942,64.38676208
FALSE,66449,66449,119.9248325,0.0648,0.496,0.036,3.2,0.183,75.24567714
FALSE,100857,100857,682.9359689,0.0926,0.506,0.045,2.8,0.1846,59.49016925
FALSE,64219,64219,80.61883789,-0.0194,0.505,0.031,2.9,0.1677,15.57171554
FALSE,91374,91374,209.2002957,0.0988,0.494,0.031,3.3,0.19,32.83209666
FALSE,34583,34583,66.37659032,-0.0523,0.48,0.101,7.1,0.2007,28.91594136
FALSE,37533,37533,34.08472654,-0.0169,0.506,0.054,5.6,0.1863,26.64322063
FALSE,40224,40224,160.6149504,-0.0005,0.528,0.03,5.1,0.2134,49.72155927
FALSE,50401,50401,100.5429047,0.0777,0.512,0.039,5.6,0.1756,19.84087617
FALSE,49619,49619,362.5125001,0.1008,0.511,0.056,5.2,0.2072,40.30714041
FALSE,44773,44773,266.5621145,-0.058,0.533,0.016,5.2,0.2086,22.33488933
FALSE,53414,53414,198.7079975,0.0275,0.509,0.068,6,0.1974,37.44336691
FALSE,41733,41733,98.01164372,0.0049,0.515,0.047,5.4,0.1856,23.96185273
FALSE,41604,41604,105.3459611,-0.0828,0.516,0.023,5.5,0.1936,24.03615037
FALSE,41631,41631,108.2210646,0.0386,0.501,0.017,5.6,0.1926,24.0205616
FALSE,46606,46606,77.11286812,-0.0747,0.524,0.022,6,0.1848,21.45646483
FALSE,31018,31018,60.58578168,-0.1646,0.539,0.017,7.6,0.1829,32.2393449
FALSE,40515,40515,25.92003494,-0.0471,0.521,0.017,5.7,0.1691,24.68221646
FALSE,58029,58029,263.2905076,0.0988,0.515,0.035,2.4,0.2169,51.69828879
FALSE,49216,49216,214.1132817,-0.021,0.494,0.069,3.1,0.2068,20.31859558
FALSE,41327,41327,61.14854701,-0.0074,0.514,0.022,4.7,0.1851,24.19725603
FALSE,52872,52872,21.15419343,-0.0448,0.492,0.025,3.2,0.1625,18.91360266
FALSE,57618,57618,136.3288306,0.0405,0.516,0.025,2.9,0.1868,17.35568746
FALSE,70705,70705,629.1197036,0.1121,0.509,0.071,2.9,0.2193,70.71635669
FALSE,61847,61847,194.9079365,0.0098,0.495,0.029,2.6,0.2015,16.16893301
FALSE,61428,61428,112.6792467,0.0238,0.504,0.019,3.2,0.1841,32.5584424
FALSE,53751,53751,28.40076245,-0.0351,0.5,0.016,3.4,0.1639,18.60430504
FALSE,45313,45313,434.006018,0.0611,0.514,0.039,2.7,0.2047,154.481054
FALSE,40177,40177,43.26458509,-0.0071,0.513,0.022,4.1,0.1763,24.88986236
FALSE,57907,57907,1163.03589,0.041,0.516,0.092,3.7,0.2258,379.9195261
FALSE,68779,68779,342.7826063,0.0282,0.503,0.021,3.1,0.1971,14.5393216
FALSE,62264,62264,52.0469167,-0.0206,0.504,0.031,3.1,0.1784,16.060645
FALSE,50803,50803,65.29739726,-0.0088,0.514,0.019,3.2,0.1841,19.68387694
FALSE,53251,53251,93.21264796,0.0021,0.502,0.056,3.3,0.1773,18.77899007
FALSE,57032,57032,40.34117979,0.0086,0.502,0.025,2.6,0.1732,17.53401599
FALSE,46573,46573,66.3501959,-0.0131,0.478,0.028,3.3,0.174,42.94333627
FALSE,84456,84456,248.5018682,0.1446,0.506,0.063,2.7,0.2093,23.68096997
FALSE,55620,55620,96.15627153,0.0063,0.437,0.118,4.1,0.2539,17.97914419
FALSE,89236,89236,717.3392097,0.1033,0.509,0.034,2.5,0.1999,44.82495854
FALSE,61662,61662,35.84872774,-0.014,0.492,0.013,2.7,0.1664,16.21744348
FALSE,43886,43886,148.7429379,0.0276,0.466,0.017,3.7,0.2175,45.57261997
FALSE,70161,70161,1957.867271,-0.0048,0.525,0.03,3.1,0.1934,142.5293254
FALSE,38914,38914,21.57371401,-0.024,0.475,0.022,4.5,0.177,25.69769235
FALSE,46309,46309,4855.126072,-0.0623,0.516,0.042,3.9,0.2777,431.8814917
FALSE,49771,49771,1.705817645,0.0219,0.488,0.055,2.9,0.1606,20.09202146
FALSE,57585,57585,5.234802234,0.0603,0.494,0.024,3.4,0.1411,17.36563341
FALSE,51732,51732,30.15612874,0.0005,0.495,0.047,3.4,0.2061,77.32158045
FALSE,49379,49379,3.013721658,-0.026,0.501,0.037,2.9,0.1877,20.25152393
FALSE,56677,56677,3.631319658,-0.041,0.482,0.03,2.4,0.1794,17.64384142
FALSE,41780,41780,12.40954204,-0.0173,0.464,0.037,3.2,0.1734,47.86979416
FALSE,48703,48703,2.546198526,-0.0485,0.489,0.022,3.1,0.1673,20.53261606
FALSE,61334,61334,20.40348608,0.1241,0.502,0.03,4.7,0.1868,146.7375355
FALSE,73731,73731,43.96760427,0.2178,0.481,0.04,2.3,0.2395,203.4422427
FALSE,41808,41808,4.590550469,0.0257,0.515,0.036,7.5,0.1939,23.9188672
FALSE,49646,49646,1.956102037,0.0888,0.488,0.024,5.7,0.1367,20.14260968
FALSE,51881,51881,5.686186919,0.0235,0.494,0.04,3.7,0.198,38.5497581
FALSE,70929,70929,7.378685796,0.0667,0.49,0.029,3.3,0.1472,14.09860565
FALSE,49019,49019,20.43955307,0.0562,0.507,0.048,4.2,0.1594,20.40025296
FALSE,66075,66075,20.07385161,0.0869,0.505,0.034,3,0.1909,75.67158532
FALSE,43669,43669,5.530159018,0.0147,0.499,0.033,7.2,0.1337,45.79907944
FALSE,43946,43946,0.778456407,-0.0156,0.488,0.018,3.5,0.1332,22.75519956
FALSE,57279,57279,46.11663962,0.0861,0.5,0.034,3.2,0.2283,174.5840535
FALSE,51740,51740,5.924233597,0.0584,0.497,0.033,3.4,0.1805,57.98221879
FALSE,47679,47679,0.769255462,-0.0756,0.495,0.038,3.7,0.1548,20.97359424
FALSE,57209,57209,18.32257622,0.082,0.504,0.037,4,0.1475,69.91906868
FALSE,69095,69095,5.183425514,0.0978,0.479,0.055,2.7,0.1999,14.47282727
FALSE,38409,38409,4.673022215,0.0526,0.499,0.041,4.3,0.1972,26.03556458
FALSE,51111,51111,1.973072245,-0.0227,0.486,0.042,2.2,0.1677,19.56525992
FALSE,49249,49249,48.59584928,0.0205,0.497,0.047,3.8,0.1844,60.91494244
FALSE,51869,51869,1.501476201,0.0037,0.496,0.028,3.2,0.1608,19.27933833
FALSE,42059,42059,1.493821999,-0.0198,0.482,0.047,3.8,0.1279,23.77612402
FALSE,61435,61435,61.25407949,0.0826,0.508,0.058,3.2,0.2083,113.9415643
FALSE,55182,55182,55.6800267,0,0.502,0.11,3.2,0.1759,36.24370266
FALSE,61522,61522,10.02796447,-0.0487,0.502,0.129,3.2,0.1748,16.25434804
FALSE,64759,64759,51.29468491,0.0716,0.5,0.093,2.6,0.1984,15.44186908
FALSE,72915,72915,47.08617516,0.0384,0.495,0.037,3.3,0.167,13.71459919
FALSE,50677,50677,0.95446262,-0.0042,0.49,0.033,2.4,0.1654,19.73281765
FALSE,63829,63829,10.83892928,-0.0547,0.491,0.09,3.2,0.1691,15.66685989
FALSE,67264,67264,1739.43767,0.0949,0.507,0.129,3.3,0.2282,163.5347288
FALSE,57371,57371,112.3086864,0.0448,0.494,0.29,3.5,0.1954,17.43040909
FALSE,54474,54474,4.173024446,-0.0366,0.5,0.055,2.6,0.1518,18.3573815
FALSE,61383,61383,380.9811497,0.1056,0.498,0.074,2.8,0.2064,179.2027108
FALSE,60924,60924,13.61664355,-0.0394,0.504,0.091,3.5,0.1802,16.41389272
FALSE,58275,58275,61.28228542,0.0064,0.503,0.158,2.8,0.1929,17.16001716
FALSE,47006,47006,6.061590211,-0.0612,0.507,0.019,2.9,0.1374,21.27387993
FALSE,61420,61420,16.73613813,-0.017,0.499,0.058,2.6,0.1709,16.28134158
FALSE,62804,62804,49.65440711,0.0368,0.492,0.204,2.9,0.1829,15.9225527
FALSE,84016,84016,783.2796351,0.1515,0.499,0.101,2.9,0.2207,23.80498953
FALSE,50263,50263,48.17142525,-0.038,0.514,0.242,3.7,0.1791,19.89535046
FALSE,72291,72291,30.24703025,0.0309,0.488,0.026,2.9,0.1645,13.83298059
FALSE,47981,47981,7.31980396,-0.0245,0.501,0.034,3.2,0.1558,20.84158313
FALSE,57655,57655,21.18916722,-0.0224,0.498,0.066,2.6,0.1532,17.34454948
FALSE,62131,62131,287.2375112,0.1392,0.501,0.316,4,0.2212,273.6154255
FALSE,83287,83287,3.073879456,0.075,0.48,0.247,3,0.2211,12.00667571
FALSE,48490,48490,2.558750108,0.0554,0.489,0.153,5.1,0.1436,20.62280883
FALSE,88003,88003,15.68157614,0.0274,0.488,0.08,3.7,0.1302,11.36324898
FALSE,71733,71733,74.81618808,0.1063,0.495,0.25,3.2,0.2192,278.8117045
FALSE,58126,58126,386.5285977,0.0115,0.487,0.248,3.9,0.1936,34.40801018
FALSE,68752,68752,153.1686622,0.0198,0.506,0.018,2.5,0.1632,14.54503142
FALSE,64495,64495,52.53146679,0.0223,0.506,0.016,2.5,0.1386,93.03046748
FALSE,65326,65326,107.6684686,-0.0136,0.51,0.02,2.6,0.1798,91.84704406
FALSE,62468,62468,52.60339582,0.0085,0.506,0.025,2.2,0.1767,112.0573734
FALSE,82862,82862,475.9804095,0.0391,0.503,0.073,2.6,0.2042,132.7508387
FALSE,75800,75800,162.0687366,0.0327,0.506,0.023,2.3,0.1871,118.7335092
FALSE,91416,91416,445.8904307,0.047,0.505,0.033,2.7,0.1811,196.902074
FALSE,71486,71486,354.0429568,0.0573,0.509,0.028,2.3,0.1959,41.96625913
FALSE,63518,63518,80.29956469,-0.0138,0.505,0.017,2.3,0.1722,31.4871375
FALSE,62678,62678,474.4792192,-0.0413,0.516,0.194,5.1,0.1764,79.77280705
FALSE,107971,107971,4000.712419,0.0291,0.514,0.21,2.9,0.181,46.30873105
FALSE,88443,88443,557.6789185,-0.0076,0.508,0.085,3.3,0.1898,90.45373857
FALSE,73168,73168,2288.999968,-0.0142,0.517,0.176,4,0.2068,109.3374153
FALSE,66565,66565,366.0694044,-0.0568,0.513,0.081,7.2,0.1538,90.13745963
FALSE,54179,54179,309.1297759,-0.0493,0.491,0.318,5.5,0.2098,36.91467174
FALSE,64522,64522,6330.420245,0.0188,0.519,0.238,4.5,0.2082,92.99153777
FALSE,87996,87996,905.6877999,0.0115,0.514,0.067,3.7,0.1875,79.54907041
FALSE,77738,77738,14556.75348,0.0567,0.502,0.427,3.3,0.3012,25.72744346
FALSE,117275,117275,290.7093888,-0.032,0.507,0.07,2.8,0.1462,34.10786613
FALSE,79475,79475,1636.243804,0.0025,0.511,0.185,3.2,0.187,37.74771941
FALSE,92770,92770,2670.846902,0.0184,0.506,0.221,3.1,0.2027,43.11738709
FALSE,102579,102579,1319.974914,-0.0187,0.513,0.111,3.2,0.1649,116.9830082
FALSE,116328,116328,1068.816999,-0.0009,0.508,0.139,2.8,0.1722,34.38553057
FALSE,75627,75627,965.6557689,0.0504,0.517,0.095,3.7,0.1618,66.11395401
FALSE,112722,112722,1089.860278,0.0167,0.511,0.152,3,0.1738,17.74276539
FALSE,100281,100281,270.6824864,-0.0625,0.503,0.092,3.4,0.1698,19.94395748
FALSE,79953,79953,5408.98352,0.0357,0.511,0.328,3.7,0.1973,50.02939227
FALSE,83998,83998,294.93329,-0.0325,0.51,0.102,3.3,0.1697,35.71513607
FALSE,56148,56148,585.0315464,0.0244,0.51,0.503,4.4,0.2193,516.4921279
FALSE,40436,40436,5.876223708,-0.0202,0.488,0.385,6.3,0.2105,24.73043822
FALSE,42754,42754,3.177437295,-0.1515,0.492,0.492,4.7,0.1581,70.16887309
FALSE,43618,43618,57.30646609,0.0411,0.51,0.688,5.7,0.1913,114.6315741
FALSE,63671,63671,13.99996073,0.0792,0.494,0.505,3.1,0.2131,47.11721192
FALSE,43175,43175,6.814880257,-0.0932,0.508,0.504,4.8,0.1462,23.16155182
FALSE,38162,38162,0.294056483,-0.112,0.49,0.469,5.1,0.136,26.20407735
FALSE,63012,63012,16.18562984,0.0893,0.486,0.601,3.9,0.217,15.86999302
FALSE,122001,122001,177.4254124,0.0733,0.489,0.185,3.2,0.1964,16.39330825
FALSE,44928,44928,7.558946503,-0.0728,0.503,0.432,4.5,0.1868,22.25783476
FALSE,71118,71118,39.54778812,0.1035,0.509,0.399,4.8,0.1899,84.36682696
FALSE,46201,46201,22.48439934,-0.0491,0.505,0.206,5.7,0.2033,43.2891063
FALSE,61791,61791,78.74562562,0.0412,0.516,0.509,3.9,0.1687,145.6522795
FALSE,33661,33661,2.582223886,-0.1109,0.498,0.31,6.8,0.1274,29.70797065
FALSE,43032,43032,14.85309404,-0.0065,0.511,0.565,6,0.156,69.71556051
FALSE,69408,69408,584.3604869,0.0043,0.516,0.063,3.6,0.1957,86.44536653
FALSE,49411,49411,44.77862797,-0.0619,0.492,0.017,5.5,0.1536,20.23840845
FALSE,41470,41470,33689.82801,0.0233,0.528,0.564,5.4,0.2267,96.45526887
FALSE,52179,52179,269.9024889,-0.0531,0.507,0.044,4.7,0.1682,38.3295962
FALSE,50783,50783,58.17785761,-0.0552,0.503,0.021,5.1,0.1656,19.69162909
FALSE,58055,58055,110.7258431,-0.0451,0.487,0.031,4.3,0.1862,86.12522608
FALSE,50143,50143,119.6942916,-0.0631,0.507,0.078,4.7,0.1712,99.71481563
FALSE,58400,58400,204.8744084,-0.0644,0.505,0.032,4.2,0.1862,34.24657534
FALSE,51894,51894,52.83096152,-0.0693,0.499,0.023,4.4,0.1689,19.27005049
FALSE,59069,59069,77.54959281,-0.0204,0.486,0.03,4.4,0.188,33.85870761
FALSE,71563,71563,93.68289205,-0.0611,0.5,0.05,3.2,0.164,27.94740299
FALSE,55143,55143,95.3985885,-0.0369,0.511,0.028,4.9,0.1655,18.13466804
FALSE,84564,84564,369.7924915,-0.0111,0.503,0.129,3.6,0.1788,130.0789934
FALSE,60620,60620,881.0858038,-0.0004,0.516,0.058,4.3,0.2046,329.9241175
FALSE,55091,55091,20.557588,-0.0674,0.483,0.03,4.7,0.1756,163.3660671
FALSE,48943,48943,30.7049393,-0.0315,0.449,0.036,4.9,0.209,81.72772409
FALSE,62570,62570,116.2016976,-0.0489,0.502,0.035,3.9,0.1846,15.98210005
FALSE,54746,54746,72.91539509,-0.0431,0.479,0.063,4.5,0.1742,73.06469879
FALSE,55778,55778,43.44336047,-0.0522,0.504,0.023,4.9,0.172,17.92821543
FALSE,53829,53829,86.57958836,-0.0582,0.475,0.078,5.6,0.2336,92.88673392
FALSE,66501,66501,36148.65285,0.0216,0.526,0.189,4.1,0.2597,285.7099893
FALSE,56599,56599,20.62950751,-0.0301,0.493,0.018,5.5,0.1733,17.66815668
FALSE,61713,61713,108.3330025,-0.0353,0.506,0.023,4.5,0.16,97.22424773
FALSE,62159,62159,1128.673702,-0.0035,0.518,0.092,4.2,0.2043,305.6677231
FALSE,117767,117767,4765.886006,0.0128,0.512,0.175,3.4,0.1781,59.43940153
FALSE,93007,93007,71343.72947,0.0263,0.526,0.256,3.5,0.302,53.75939445
FALSE,56371,56371,400.6459159,-0.0343,0.512,0.033,5,0.1847,53.21885367
TRUE,56516,56516,188.6056833,-0.0271,0.502,0.062,4.3,0.1839,70.7764173
FALSE,61597,61597,591.641722,-0.0141,0.518,0.052,3.9,0.1949,292.2220238
FALSE,66754,66754,170.4439769,0.0168,0.511,0.051,3.9,0.1713,164.7841328
FALSE,83188,83188,474.2474307,0.0315,0.499,0.216,3.8,0.1793,120.2096456
FALSE,53115,53115,103.1337298,-0.0627,0.501,0.051,4.7,0.1889,18.82707333
FALSE,57640,57640,123.0746598,-0.0426,0.499,0.027,5.4,0.1826,17.34906315
FALSE,52414,52414,59.39203354,-0.0465,0.515,0.038,4.2,0.1509,76.31548823
FALSE,105600,105600,426.8991629,-0.0141,0.501,0.164,3.7,0.1701,18.93939394
FALSE,72975,72975,20766.76003,0.0103,0.515,0.282,3.5,0.2304,219.2531689
FALSE,70688,70688,243.2655714,-0.0045,0.506,0.052,3.8,0.2065,70.73336351
FALSE,86624,86624,8157.323968,0.0156,0.514,0.186,3.9,0.1984,34.63243443
FALSE,99831,99831,1877.205416,0.0433,0.509,0.184,3.6,0.1731,30.05078583
FALSE,51742,51742,40.19583812,-0.039,0.49,0.024,5.5,0.1733,38.65331839
FALSE,89071,89071,283.7870872,0.0446,0.506,0.034,3.4,0.1848,89.81598949
FALSE,64960,64960,759.3489018,0.0037,0.512,0.074,3.8,0.1988,61.57635468
FALSE,58927,58927,49.85212739,-0.0565,0.499,0.034,4.7,0.159,50.91044852
FALSE,52215,52215,54.23457283,-0.0301,0.502,0.02,4.7,0.1712,153.2126783
FALSE,51064,51064,105.083332,-0.0363,0.475,0.037,3.8,0.1962,97.91634028
FALSE,53167,53167,68.59040141,-0.0379,0.502,0.017,4.6,0.1773,150.4692761
FALSE,105241,105241,1618.989508,-0.0113,0.508,0.202,3.7,0.1779,256.5540046
FALSE,58851,58851,77.91499506,-0.028,0.487,0.168,4,0.179,50.97619412
FALSE,60699,60699,92.94796395,-0.0606,0.503,0.021,4.1,0.1666,16.47473599
FALSE,59176,59176,215.2748663,0.006,0.509,0.054,3.6,0.1832,101.3924564
FALSE,64090,64090,157.9500727,-0.0277,0.504,0.106,3.8,0.186,234.045873
FALSE,63240,63240,73.7572553,-0.0276,0.509,0.028,4.6,0.1751,110.6894371
FALSE,56897,56897,73.63471867,-0.0329,0.483,0.029,4.1,0.1827,52.7268573
FALSE,101741,101741,2247.416358,0.019,0.515,0.255,3.8,0.1788,117.9465506
FALSE,58214,58214,67.24465454,-0.0576,0.458,0.033,4.4,0.2066,51.53399526
FALSE,60612,60612,73.67593001,-0.0175,0.513,0.023,3.7,0.1572,65.99353263
FALSE,57963,57963,399.8391293,0.1084,0.525,0.131,3.8,0.184,51.75715543
FALSE,41542,41542,63.83657761,-0.0029,0.51,0.051,3.7,0.1504,24.07202349
FALSE,45823,45823,71.05594386,-0.0137,0.458,0.051,3.7,0.1877,43.64620387
FALSE,63712,63712,168.6240293,0.2478,0.523,0.049,5.2,0.1366,31.39126067
TRUE,55448,55448,397.7495614,0.0876,0.521,0.068,3,0.2091,595.1522147
FALSE,47890,47890,178.4365578,-0.0047,0.5,0.065,3.7,0.1751,62.64355815
FALSE,72071,72071,598.3513431,0.1776,0.512,0.111,3.6,0.1989,55.50082557
FALSE,48512,48512,174.2661685,-0.0104,0.505,0.059,4.1,0.1699,41.22691293
FALSE,60058,60058,137.2303462,0.0432,0.51,0.044,4.2,0.1554,66.60228446
FALSE,53688,53688,400.157002,0.0325,0.511,0.101,3.6,0.177,37.25227239
FALSE,70258,70258,109.1639365,0.1472,0.522,0.121,3.4,0.1436,42.69976373
FALSE,42764,42764,62.824696,0.0408,0.513,0.033,4.5,0.1358,70.15246469
FALSE,46012,46012,210.9780895,-0.0013,0.519,0.038,4,0.1739,21.73346084
FALSE,53372,53372,144.0691832,-0.0134,0.495,0.076,4.1,0.193,37.4728322
FALSE,46599,46599,514.3358653,0.0479,0.504,0.121,5.1,0.2354,107.2984399
FALSE,70699,70699,106.0255411,0.1519,0.502,0.044,3.6,0.187,14.14447163
FALSE,63033,63033,96.52339471,0.0835,0.509,0.077,4.7,0.1615,31.72941158
FALSE,53924,53924,303.2686479,0.0282,0.511,0.074,3.7,0.1751,37.0892367
FALSE,65541,65541,1124.182184,0.1677,0.523,0.137,3.4,0.2596,122.061
FALSE,40784,40784,101.8569823,-0.0987,0.538,0.05,5.9,0.1745,24.51941938
FALSE,53054,53054,936.657781,0.0827,0.527,0.133,3.7,0.1936,188.4872017
FALSE,57371,57371,141.7277834,0.1301,0.505,0.09,4,0.1789,17.43040909
FALSE,56542,56542,630.6516079,0.0821,0.517,0.076,3.9,0.1971,88.42983977
FALSE,54300,54300,113.7065673,0.0087,0.492,0.085,3.4,0.1802,18.41620626
FALSE,55820,55820,831.919889,0.0908,0.527,0.084,4.1,0.1999,268.7208886
FALSE,55619,55619,228.5360857,0.1566,0.505,0.134,4.6,0.2316,35.9589349
FALSE,51612,51612,112.5481315,0.0527,0.517,0.043,3.4,0.169,77.50135627
TRUE,61651,61651,314.733507,0.0909,0.52,0.103,3.3,0.1591,97.32202235
FALSE,42374,42374,67.06225571,-0.0419,0.502,0.041,5.2,0.1806,23.59937698
FALSE,43112,43112,8.057777052,-0.1768,0.466,0.098,8.6,0.1863,23.19539803
FALSE,68308,68308,316.8273696,0.123,0.508,0.08,3.6,0.1824,43.91872109
FALSE,47759,47759,89.53143626,0.0835,0.508,0.062,4.1,0.1666,41.87692372
FALSE,62835,62835,264.5510736,0.1933,0.51,0.141,3.6,0.1933,31.82939445
FALSE,46275,46275,20.01028238,-0.0779,0.514,0.051,3.9,0.165,21.60994057
FALSE,53114,53114,242.3095478,0.0633,0.512,0.196,4.5,0.1897,18.8274278
FALSE,39947,39947,139.6661433,-0.0634,0.522,0.079,3.8,0.1689,25.03316895
FALSE,70479,70479,289.0232196,0.0911,0.504,0.075,3.5,0.169,14.18862356
FALSE,46370,46370,103.8474109,0.0166,0.502,0.064,3.8,0.1723,21.56566746
FALSE,46279,46279,69.5518254,0.054,0.515,0.074,3.9,0.1497,64.82421833
FALSE,50062,50062,48.39068443,0.0456,0.507,0.024,3.6,0.1664,19.97523071
FALSE,69455,69455,2119.639128,0.1718,0.519,0.138,3.6,0.2491,503.9234036
FALSE,47675,47675,67.58044485,-0.0411,0.506,0.062,4.6,0.1633,20.97535396
FALSE,63942,63942,144.5597362,0.1252,0.517,0.071,3.8,0.1817,31.278346
FALSE,50902,50902,174.4944088,-0.0164,0.521,0.074,4.8,0.1748,39.29118699
FALSE,57252,57252,1224.18474,0.1356,0.524,0.058,3.6,0.1949,244.5329421
FALSE,74314,74314,373.0946482,0.0988,0.523,0.086,3.3,0.1774,107.6513174
FALSE,52522,52522,37.81456422,-0.0328,0.491,0.043,3.8,0.1528,19.03964053
FALSE,51245,51245,175.528914,-0.021,0.511,0.058,4.6,0.201,19.51409894
FALSE,60405,60405,72.49984192,0.1719,0.502,0.075,3.9,0.1746,16.55492095
FALSE,54553,54553,100.6571133,0.0007,0.517,0.045,4.2,0.1678,18.33079757
FALSE,52961,52961,277.2222861,0.0697,0.531,0.065,4.2,0.1986,56.64545609
FALSE,50129,50129,183.5960113,0.0133,0.507,0.12,3.8,0.1749,39.89706557
FALSE,44686,44686,160.9227108,-0.0289,0.517,0.063,4.4,0.1661,22.37837354
FALSE,52051,52051,277.8553466,0.0258,0.506,0.094,4,0.183,38.42385353
FALSE,44547,44547,118.8139346,-0.0117,0.517,0.048,4.9,0.1591,22.44820078
FALSE,48637,48637,134.8883619,-0.0263,0.513,0.111,3.7,0.1636,61.68143594
FALSE,46075,46075,27.02861385,0.0203,0.521,0.058,4,0.1844,43.40748779
FALSE,55628,55628,90.83872263,0.0377,0.518,0.034,3.7,0.1436,89.88279284
FALSE,86138,86138,379.8121991,0.1608,0.507,0.115,3.5,0.159,34.82783441
FALSE,84377,84377,1331.101184,0.1896,0.514,0.104,3.3,0.2225,426.6565533
FALSE,51630,51630,179.7341916,0.0907,0.502,0.04,3.5,0.1601,77.47433663
FALSE,42414,42414,222.1802735,0.0069,0.526,0.108,5.8,0.1789,23.57712076
FALSE,73565,73565,58.5709272,0.1497,0.499,0.028,2.4,0.2146,27.18684157
FALSE,63977,63977,103.0762005,0.1767,0.495,0.028,2,0.2474,46.89185176
FALSE,57388,57388,48.35154583,0.0373,0.487,0.047,2.1,0.2219,34.85049139
FALSE,86890,86890,5.442841291,0.5767,0.464,0.097,1.6,0.2526,11.50880424
FALSE,68051,68051,16.28224496,0.1241,0.495,0.041,3,0.2253,29.38972241
FALSE,68634,68634,33.59742986,0.0882,0.477,0.064,2.5,0.2502,14.57003817
FALSE,52554,52554,126.4546637,0.0065,0.508,0.015,4.2,0.1681,19.02804734
FALSE,47388,47388,138.5335596,-0.0438,0.495,0.044,4.8,0.1734,21.10238879
FALSE,43621,43621,129.7205311,0.0087,0.504,0.019,5.3,0.176,114.6236904
FALSE,64227,64227,113.7458706,-0.0064,0.5,0.018,3,0.1728,15.56977595
FALSE,58441,58441,88.63384053,-0.0326,0.504,0.012,5,0.1732,17.11127462
FALSE,68611,68611,820.3170498,0.0392,0.51,0.05,3.8,0.1821,131.1743015
FALSE,56999,56999,68.20422241,-0.0714,0.5,0.013,5,0.1555,17.54416744
FALSE,50832,50832,337.3386368,-0.0317,0.515,0.036,4.3,0.1733,39.3452943
FALSE,68724,68724,456.5980978,0.0439,0.506,0.021,3.7,0.1901,58.20382981
FALSE,52870,52870,102.6905873,-0.0017,0.506,0.017,4.7,0.1763,18.91431814
FALSE,52693,52693,191.5479241,-0.0585,0.493,0.019,4.8,0.1735,37.95570569
FALSE,49679,49679,64.90362875,-0.0082,0.504,0.012,5.8,0.1743,40.25845931
TRUE,52503,52503,2701.435505,-0.0365,0.523,0.063,4.2,0.2051,838.0473497
FALSE,56824,56824,85.45895335,-0.0361,0.503,0.017,3.7,0.1642,17.59819794
FALSE,60918,60918,92.56549847,-0.0249,0.504,0.104,4.2,0.1779,32.83101875
FALSE,110252,110252,472.0784115,0.1671,0.503,0.028,3.1,0.172,36.28052099
FALSE,60790,60790,295.224163,-0.0379,0.511,0.045,4.9,0.1686,16.45007403
FALSE,71782,71782,312.3920771,0.0725,0.503,0.024,3.7,0.1855,69.65534535
FALSE,64648,64648,2474.230911,0.1165,0.512,0.058,3.5,0.2556,587.7985398
FALSE,64334,64334,103.9011649,-0.0136,0.503,0.088,4.1,0.1732,15.54388037
FALSE,48094,48094,64.08591087,-0.0347,0.506,0.014,5.4,0.1719,20.79261446
FALSE,79865,79865,234.0265491,0.0028,0.503,0.016,3.5,0.1399,12.52112941
FALSE,69709,69709,408.3276734,0.0436,0.508,0.03,3.7,0.1955,43.03604986
TRUE,60251,60251,2013.926733,0.0185,0.517,0.036,3.8,0.2175,564.3059866
FALSE,62720,62720,142.6213589,0.0132,0.505,0.058,3.2,0.1966,15.94387755
FALSE,51155,51155,66.6765872,-0.0221,0.501,0.019,4.2,0.1572,19.54843124
FALSE,61351,61351,64.91670873,-0.0448,0.505,0.078,4.6,0.1734,16.29965282
FALSE,51016,51016,67.08392374,-0.0395,0.504,0.011,4.6,0.1697,19.60169359
FALSE,62596,62596,104.0392111,0.0363,0.5,0.01,3,0.1847,15.97546169
FALSE,50671,50671,77.11799079,-0.0251,0.509,0.011,6.2,0.185,19.73515423
FALSE,59957,59957,118.5969773,0.0225,0.511,0.016,3.9,0.1642,16.67861968
FALSE,65040,65040,1011.675085,0.0005,0.512,0.047,3.7,0.1805,92.25092251
FALSE,66321,66321,259.1384615,0.0586,0.509,0.021,3.7,0.1828,120.6254429
FALSE,60624,60624,99.62720509,-0.0041,0.504,0.021,3.6,0.1728,16.49511745
FALSE,59201,59201,630.8946632,0.0274,0.508,0.104,4.3,0.1744,50.67481968
FALSE,49924,49924,1256.686861,-0.0314,0.516,0.074,4.7,0.2039,200.3044628
FALSE,48018,48018,555.5641934,-0.0443,0.51,0.065,5.7,0.1761,83.30209505
FALSE,51479,51479,161.2182575,-0.0216,0.47,0.028,4.1,0.1969,19.42539676
FALSE,78540,78540,426.5873675,0.0412,0.505,0.023,3.4,0.1711,76.39419404
FALSE,43754,43754,53.25995471,-0.0377,0.506,0.007,6.9,0.169,22.85505325
FALSE,67075,67075,89.03035794,0.0087,0.495,0.02,2.6,0.1753,44.72605293
FALSE,63524,63524,263.1388657,0.0419,0.507,0.019,3.7,0.1828,15.74208173
FALSE,54704,54704,1151.952214,-0.0065,0.519,0.033,4.2,0.1986,255.9227844
FALSE,59498,59498,86.99785017,0.0142,0.5,0.016,4.1,0.171,16.80728764
FALSE,52105,52105,129.7287456,0.0016,0.514,0.012,4.9,0.182,38.38403224
FALSE,63352,63352,158.9733129,-0.0223,0.503,0.051,5.6,0.1464,63.13928526
FALSE,57439,57439,333.3449601,0.0064,0.51,0.02,4.2,0.1696,17.40977385
FALSE,51883,51883,244.6226192,-0.0274,0.492,0.021,4.5,0.1872,19.27413604
FALSE,45410,45410,123.4224771,-0.0556,0.505,0.014,6.3,0.1871,22.02158115
FALSE,55664,55664,100.1384712,-0.0284,0.5,0.054,4.1,0.1743,17.96493245
FALSE,55623,55623,644.2285462,-0.0134,0.514,0.022,4.5,0.1795,143.825396
FALSE,57753,57753,1310.758623,-0.0014,0.515,0.023,4.3,0.1955,328.9872388
FALSE,47966,47966,320.1923994,-0.0623,0.512,0.019,6.1,0.171,20.84810074
FALSE,91645,91645,584.5846395,0.0934,0.496,0.029,3.5,0.1811,54.55835016
FALSE,52565,52565,94.80008608,-0.0312,0.508,0.012,5.4,0.1715,19.02406544
FALSE,58747,58747,208.5131611,0.0103,0.503,0.021,3.2,0.1753,17.02214581
FALSE,54239,54239,87.16164052,-0.0259,0.502,0.049,3.3,0.1778,18.43691808
FALSE,64723,64723,211.9506485,0.0407,0.507,0.057,3.7,0.1814,30.90091621
FALSE,44074,44074,53.06416679,0.1162,0.512,0.063,3,0.2049,45.37822753
FALSE,75111,75111,165.4045276,0.2209,0.503,0.098,2.9,0.2277,26.62725832
FALSE,64706,64706,527.1565021,0.0995,0.501,0.092,2.8,0.2189,61.81806942
FALSE,48522,48522,47.33785713,-0.0695,0.503,0.083,4.3,0.1813,20.60920819
FALSE,56272,56272,1125.017811,0.0988,0.51,0.179,3.1,0.2257,195.4791015
FALSE,43025,43025,119.4444891,0.0542,0.489,0.048,2.9,0.1896,23.24230099
FALSE,67054,67054,136.8481659,0.0601,0.502,0.05,3.1,0.1901,14.91335342
FALSE,57668,57668,1142.58057,0.0739,0.512,0.133,3.2,0.2155,190.7470348
FALSE,65191,65191,144.7569695,0.1009,0.506,0.067,3.1,0.1988,15.33954073
FALSE,62515,62515,124.0257646,0.0107,0.512,0.063,3.4,0.1889,15.99616092
FALSE,48530,48530,5.254929593,-0.0006,0.49,0.047,4.6,0.1665,41.21162168
FALSE,69148,69148,137.664382,0.0803,0.499,0.078,2.9,0.1861,130.1556083
FALSE,80539,80539,223.5909111,0.1009,0.507,0.09,3.4,0.1916,198.661518
FALSE,59339,59339,48.51824199,0.0792,0.505,0.086,3.7,0.1843,168.5232309
FALSE,72285,72285,79.64317715,0.0574,0.499,0.056,4.5,0.1811,13.8341288
FALSE,49504,49504,40.40100916,0.0224,0.506,0.068,4.9,0.1675,40.40077569
FALSE,58739,58739,8.191774256,0.1404,0.504,0.076,5.3,0.1602,17.02446415
FALSE,51267,51267,14.08636771,0.0245,0.509,0.074,5.2,0.1325,39.01144986
TRUE,71880,71880,65.50027069,0.2021,0.505,0.083,3.9,0.2019,347.801892
FALSE,48940,48940,22.03700302,0.0299,0.507,0.061,4.9,0.1673,143.0322844
FALSE,49792,49792,1.589695224,-0.0342,0.497,0.039,6.9,0.1465,20.08354756
FALSE,39874,39874,0.729584128,-0.0039,0.491,0.051,5.3,0.1718,25.07899885
TRUE,68835,68835,44.79748021,0.0443,0.5,0.319,3.2,0.1934,87.16495969
FALSE,56367,56367,79.37495599,0.0803,0.511,0.135,4.4,0.1891,177.4087675
FALSE,47533,47533,53.35653315,0.0546,0.512,0.077,5,0.1629,126.2280942
FALSE,53030,53030,11.48584459,0.0272,0.5,0.138,6.2,0.1852,37.71450123
TRUE,57212,57212,83.91324716,0.0794,0.508,0.093,4.1,0.1961,297.14046
FALSE,52276,52276,50.99386077,0.0786,0.517,0.095,4.3,0.1503,76.5169485
FALSE,61084,61084,56.65576044,0.1008,0.505,0.095,4.3,0.2006,32.74179818
FALSE,42019,42019,3.091873685,-0.0243,0.456,0.346,4.1,0.197,47.59751541
FALSE,64058,64058,294.1811311,0.0934,0.502,0.272,3.9,0.2092,140.497674
FALSE,59781,59781,5.711236759,0.0371,0.491,0.377,4.1,0.1662,16.72772286
TRUE,72469,72469,1884.675757,0.0954,0.505,0.12,3.3,0.2772,1103.920297
FALSE,52298,52298,24.5206697,0.0661,0.495,0.105,3.9,0.1643,76.48476041
FALSE,58286,58286,24.24188519,0.0264,0.477,0.276,4.8,0.2068,51.47033593
FALSE,52106,52106,2.291025746,0.0277,0.508,0.036,5.8,0.1566,19.19164779
FALSE,56993,56993,11.20377373,0.0551,0.498,0.192,4.1,0.1974,17.54601442
FALSE,85665,85665,830.6642917,0.1195,0.505,0.171,3.1,0.2389,210.1208195
FALSE,71815,71815,149.610259,0.0738,0.5,0.162,3.4,0.1922,111.3973404
FALSE,67706,67706,198.6029599,0.0156,0.508,0.073,3.3,0.163,29.53947951
FALSE,64799,64799,1665.643941,-0.006,0.516,0.023,4.1,0.2208,601.8611398
FALSE,60323,60323,377.0979407,-0.0403,0.514,0.018,4.5,0.1785,49.73227459
FALSE,54251,54251,47.30632147,-0.0391,0.503,0.013,4.7,0.1568,18.43283995
FALSE,67418,67418,491.7233504,0.0231,0.508,0.225,4.3,0.1844,103.8298377
FALSE,51004,51004,231.7021681,-0.0432,0.51,0.013,4.5,0.1814,19.60630539
FALSE,51356,51356,52.57369058,-0.0381,0.504,0.016,4.4,0.1637,19.47192149
FALSE,93587,93587,1039.653686,0.0048,0.509,0.057,3.8,0.1722,117.5376922
FALSE,72576,72576,238.209545,0.0212,0.504,0.016,3.9,0.1746,96.45061728
FALSE,48798,48798,189.1360658,-0.1036,0.507,0.018,5.3,0.1566,20.49264314
FALSE,61036,61036,146.3032054,0.0517,0.474,0.03,3.3,0.1927,81.91886755
FALSE,102233,102233,699.5115309,0.0497,0.508,0.076,3.2,0.179,185.8499702
FALSE,49173,49173,63.9744089,-0.0403,0.509,0.011,4.9,0.1667,40.6727269
FALSE,46967,46967,69.23515054,-0.0301,0.473,0.031,5.2,0.1815,21.29154513
FALSE,54377,54377,134.4709672,-0.0359,0.519,0.03,4.8,0.1622,55.17038454
FALSE,49741,49741,83.60087642,-0.0489,0.51,0.014,4.7,0.1659,140.7289761
FALSE,75269,75269,464.5078732,0.0709,0.505,0.043,3.4,0.1969,66.4284101
TRUE,60763,60763,530.0458816,0.0366,0.515,0.099,4,0.2038,148.1164524
FALSE,76783,76783,3082.777152,0.0137,0.519,0.041,4,0.1959,52.09486475
FALSE,55462,55462,36.1512187,-0.0681,0.498,0.009,4.9,0.1519,18.03036313
FALSE,51923,51923,337.5169241,-0.0402,0.506,0.044,4.6,0.1898,134.8150145
FALSE,48055,48055,163.5677855,-0.0567,0.504,0.013,5.9,0.1768,20.80948913
FALSE,62699,62699,200.7539263,0.0349,0.508,0.061,3.8,0.1791,47.84765307
FALSE,51299,51299,101.65653,-0.0572,0.5,0.014,5,0.1593,38.98711476
FALSE,53655,53655,456.7284862,-0.0227,0.514,0.084,4.9,0.1842,18.63759202
FALSE,67515,67515,578.2138354,0.0482,0.51,0.11,3.4,0.1927,266.6074206
FALSE,50979,50979,238.7436309,-0.0654,0.516,0.016,5.1,0.1647,39.23184056
FALSE,61560,61560,391.8741519,0.058,0.508,0.141,3.9,0.1773,48.73294347
FALSE,65436,65436,1069.972129,0.0537,0.51,0.262,4.5,0.1976,106.974754
FALSE,53439,53439,356.5149219,-0.011,0.505,0.138,5.7,0.1875,112.2775501
FALSE,53762,53762,92.21842203,-0.0248,0.51,0.022,4.8,0.1904,74.40199397
FALSE,53266,53266,41.48807645,-0.0695,0.487,0.022,5.3,0.176,18.7737018
FALSE,54099,54099,162.6941233,-0.0659,0.506,0.016,4.9,0.1587,92.42315015
FALSE,63012,63012,279.9193143,0.0025,0.504,0.17,5.4,0.1681,47.60997905
FALSE,92340,92340,1720.178453,0.0374,0.514,0.054,3.5,0.1913,194.9317739
FALSE,65534,65534,139.9702093,-0.002,0.515,0.029,3.6,0.1964,61.03701895
FALSE,73780,73780,825.8289127,0.0247,0.508,0.142,4.5,0.181,121.9842776
FALSE,47967,47967,198.1879189,-0.0406,0.497,0.039,5.6,0.1814,41.69533221
FALSE,65401,65401,83.91045345,0.0065,0.494,0.023,3.7,0.1809,30.58057216
FALSE,47598,47598,11812.46971,0.0367,0.527,0.152,5.5,0.2635,399.176436
TRUE,55951,55951,181.5474279,-0.049,0.488,0.052,5.4,0.1815,53.61834462
FALSE,56873,56873,122.8213748,0.0166,0.504,0.022,5.4,0.1656,17.58303589
FALSE,49082,49082,68.36259999,-0.0585,0.477,0.016,5.3,0.1742,20.37406789
FALSE,60235,60235,48.97532896,-0.0751,0.498,0.018,4.3,0.1536,33.20328713
FALSE,51324,51324,35.80122563,-0.0342,0.504,0.013,5.3,0.1663,19.48406204
FALSE,61306,61306,142.1694907,-0.0005,0.454,0.061,4,0.2005,16.31161713
FALSE,65558,65558,241.3858288,-0.0046,0.508,0.018,4.5,0.1724,45.76100552
FALSE,56265,56265,70.7837884,-0.0284,0.469,0.049,4.7,0.1699,71.0921532
FALSE,59407,59407,339.543226,-0.0466,0.511,0.013,4.5,0.1628,117.831232
FALSE,69101,69101,496.6461361,0.0314,0.506,0.081,3.8,0.1877,217.073559
FALSE,74230,74230,974.8647109,-0.0114,0.516,0.057,3.2,0.1999,40.41492658
FALSE,80862,80862,801.6916375,-0.0098,0.506,0.06,3.1,0.1808,24.73349657
TRUE,62165,62165,1560.263442,0.0192,0.513,0.239,3.9,0.2205,144.7759994
FALSE,86450,86450,381.4205659,-0.0112,0.516,0.034,3.1,0.1458,69.40427993
FALSE,56824,56824,159.5392863,0.063,0.517,0.059,2.9,0.188,35.19639589
FALSE,73890,73890,333.3830777,0.1556,0.51,0.111,2.6,0.159,67.66815537
FALSE,70980,70980,449.0895535,0.1488,0.517,0.053,2.3,0.2415,295.8579882
FALSE,68051,68051,284.0188894,0.1613,0.514,0.058,2.5,0.212,29.38972241
FALSE,49770,49770,172.8740293,0.0102,0.533,0.028,2.9,0.1887,40.18485031
FALSE,64399,64399,666.8305482,0.1381,0.515,0.095,2.4,0.2071,186.3382972
FALSE,43958,43958,155.7223471,0.0162,0.534,0.062,3.1,0.1829,22.74898767
FALSE,53648,53648,312.2693792,0.2395,0.519,0.061,3.6,0.1683,55.92007158
FALSE,50790,50790,45.89069734,0.1761,0.497,0.139,2.5,0.1885,19.68891514
FALSE,63842,63842,178.4762182,0.2179,0.514,0.059,3.3,0.1865,31.32733937
FALSE,62059,62059,427.4494823,0.1217,0.514,0.063,2.3,0.2018,80.56849127
FALSE,52240,52240,127.0025258,0.0663,0.508,0.058,2.8,0.1645,38.2848392
FALSE,52905,52905,549.1699557,0.0752,0.518,0.053,2.8,0.2148,132.3126359
FALSE,55588,55588,395.8097648,0.1109,0.514,0.073,2.6,0.2005,53.96848241
FALSE,68468,68468,412.843174,0.1954,0.518,0.059,2.8,0.1957,43.81608927
FALSE,59036,59036,44.27762476,0.0887,0.486,0.035,3.3,0.1866,33.87763399
FALSE,61447,61447,22.67333963,0.0594,0.507,0.036,3.1,0.2002,16.27418751
FALSE,63442,63442,40.68148643,0.0279,0.498,0.024,3.2,0.1882,15.76242868
FALSE,63665,63665,5.762356118,0.0843,0.505,0.044,4.4,0.1261,15.70721747
FALSE,53902,53902,32.30358672,0.0676,0.499,0.035,3.2,0.1761,55.65656191
FALSE,59981,59981,8.162526822,0.1023,0.48,0.044,3.6,0.215,33.34389223
FALSE,63162,63162,239.2798338,0.1225,0.494,0.051,2.9,0.2299,126.6584339
FALSE,58919,58919,40.97706761,0.1127,0.497,0.054,3.4,0.1957,101.8347222
FALSE,50973,50973,228.3116128,0.024,0.513,0.032,3.6,0.1811,19.61822926
FALSE,59368,59368,238.2075725,0.0757,0.514,0.036,3.2,0.1774,50.53227328
FALSE,54931,54931,131.7614586,0.0659,0.512,0.047,3.3,0.1859,36.4093135
FALSE,63846,63846,1377.179669,0.0972,0.518,0.104,2.5,0.2826,328.9164552
FALSE,67345,67345,58.36239653,0.0661,0.507,0.03,3.6,0.1667,14.84891232
FALSE,57802,57802,678.065966,0.0852,0.517,0.06,3.2,0.2116,173.0043943
FALSE,43159,43159,57.54355128,0.0005,0.515,0.029,4.1,0.1619,23.17013833
FALSE,60316,60316,925.4213276,0.081,0.514,0.046,2.9,0.2037,265.2695802
FALSE,66434,66434,157.2027831,0.1601,0.517,0.062,3.2,0.2083,45.15760002
FALSE,57606,57606,387.6148278,0.1754,0.502,0.102,3.8,0.2637,69.4372114
FALSE,43952,43952,40.98778199,-0.0273,0.454,0.015,4.1,0.195,22.75209319
FALSE,49083,49083,200.0608323,0.0987,0.503,0.065,3.5,0.1907,81.49461117
FALSE,47599,47599,105.1661979,0.0409,0.504,0.052,5.7,0.1732,21.00884472
FALSE,69614,69614,536.4938873,0.2097,0.509,0.087,2.6,0.2226,28.72985319
FALSE,54476,54476,165.8227848,0.0851,0.509,0.064,3.3,0.1758,36.71341508
FALSE,52659,52659,1227.984706,0.0102,0.526,0.066,4,0.2157,189.9010615
FALSE,51303,51303,383.0725053,0.0096,0.513,0.02,3.7,0.1735,58.47611251
FALSE,69391,69391,361.2869228,0.1602,0.512,0.053,2.7,0.1933,14.41109078
FALSE,51879,51879,396.2905671,0.0494,0.511,0.036,3.5,0.1839,77.10248848
FALSE,43583,43583,72.59612449,0.055,0.51,0.028,3.7,0.1753,45.88945231
FALSE,119637,119637,409.221437,0.2317,0.509,0.049,2.4,0.1635,41.79309077
FALSE,51750,51750,108.6956522,-0.0006,0.512,0.227,4,0.189,19.3236715
FALSE,54831,54831,345.3077784,0.1452,0.503,0.256,3.8,0.2366,36.47571629
FALSE,58956,58956,1616.003936,0.1441,0.506,0.607,3.1,0.2337,152.6562182
FALSE,68404,68404,16.82197135,0.1202,0.501,0.197,2.4,0.139,29.23805625
FALSE,83704,83704,275.6601048,0.1632,0.495,0.316,4.2,0.2177,47.78744146
FALSE,54471,54471,391.5158555,0.1499,0.496,0.262,2.7,0.2221,73.43357016
FALSE,62827,62827,48.43310288,0.1122,0.51,0.226,2.7,0.163,63.66689481
FALSE,55301,55301,80.07966885,0.1282,0.495,0.538,3.3,0.2014,18.08285564
FALSE,40893,40893,474.9719953,0.04,0.512,0.9,5.5,0.1843,24.45406304
FALSE,47091,47091,66.86548262,0.0529,0.514,0.259,4.2,0.1702,21.23548024
FALSE,96847,96847,1230.027638,0.2439,0.508,0.155,3.1,0.2064,113.5812157
FALSE,87976,87976,279.2058998,0.3056,0.505,0.281,3,0.1789,56.83368191
FALSE,43321,43321,2.770891208,-0.4993,0.468,0.347,3.2,0.1522,23.08349299
FALSE,61807,61807,3024.881812,0.1015,0.507,0.408,3.5,0.2386,469.2025175
FALSE,90910,90910,1009.98939,0.2531,0.508,0.196,3,0.226,87.99912001
FALSE,46991,46991,19.81670626,-0.0121,0.5,0.17,3.3,0.1602,21.28067077
FALSE,65564,65564,185.1681043,0.175,0.489,0.626,2.6,0.2421,15.25227259
FALSE,78341,78341,197.5719598,0.1905,0.506,0.269,3.1,0.199,25.52941627
FALSE,48629,48629,828.7190689,0.046,0.506,0.829,3.8,0.2177,61.69158321
FALSE,101361,101361,942.2006986,0.2788,0.509,0.249,3.5,0.1952,49.32863725
FALSE,73214,73214,904.2732016,0.1486,0.509,0.254,4,0.2013,54.63435955
FALSE,62143,62143,25.50334809,0.0797,0.513,0.238,2.4,0.1367,32.18383406
FALSE,56758,56758,8.988115219,0.0585,0.508,0.358,3.4,0.1581,17.61866169
FALSE,57439,57439,146.0242452,0.1126,0.511,0.142,3.1,0.1849,52.22932154
FALSE,53137,53137,453.5076454,0.0179,0.514,0.192,3.7,0.201,18.81927847
FALSE,78801,78801,234.5662871,0.2117,0.505,0.385,2.9,0.2037,25.38038857
TRUE,61638,61638,2766.8834,0.1317,0.504,0.437,3.8,0.2357,438.0414679
FALSE,72890,72890,339.5257663,0.3175,0.503,0.401,2.8,0.2168,109.7544245
FALSE,49896,49896,94.69206224,0.0508,0.51,0.136,3.5,0.165,20.04168671
FALSE,41656,41656,553.0118756,0.1081,0.51,0.925,6.2,0.1985,96.02458229
FALSE,50332,50332,48.33844734,0.0519,0.508,0.174,3.1,0.1812,19.86807598
FALSE,43601,43601,18.65938099,-0.0333,0.465,0.116,3.1,0.1818,22.93525378
FALSE,61112,61112,40.70200524,0.0451,0.429,0.434,3.1,0.2288,16.36339835
FALSE,57513,57513,117.329392,0.1264,0.508,0.176,3.5,0.1883,17.38737329
FALSE,55173,55173,287.0779817,-0.0028,0.489,0.221,5.8,0.2138,18.12480742
FALSE,94899,94899,71.59904174,0.2956,0.51,0.246,2.7,0.1591,52.68759418
FALSE,57789,57789,47.67437856,0.0566,0.519,0.274,3,0.1546,34.60866255
FALSE,54733,54733,346.7723836,0.1022,0.507,0.363,2.8,0.2119,73.08205287
FALSE,51078,51078,247.4426309,0.0846,0.512,0.27,3.3,0.1946,58.7337014
FALSE,85811,85811,196.4147467,0.226,0.492,0.46,2.1,0.2586,11.65351761
FALSE,88833,88833,583.0571115,0.2497,0.505,0.252,3.4,0.1975,90.0566231
FALSE,46207,46207,68.88690035,0.0104,0.519,0.2,3.7,0.1714,43.28348519
FALSE,56079,56079,432.0832171,0.0609,0.506,0.645,4.1,0.2115,89.15993509
FALSE,41138,41138,129.2590024,-0.0312,0.486,0.391,2.7,0.22,24.3084253
FALSE,70694,70694,151.0766348,0.1234,0.509,0.231,2.4,0.2183,14.14547203
FALSE,105763,105763,825.8682578,0.2533,0.506,0.186,3.1,0.1873,37.82040978
FALSE,48650,48650,9.766448292,-0.0231,0.493,0.348,2.8,0.1739,20.55498458
FALSE,57302,57302,96.22886116,0.0289,0.496,0.585,5.4,0.2024,34.90279571
FALSE,46061,46061,5.333406148,-0.0126,0.458,0.306,2.9,0.198,21.71034064
FALSE,59538,59538,252.5910138,0.099,0.518,0.201,3.3,0.1996,33.59199167
FALSE,32516,32516,52.8401812,0.0567,0.512,0.964,9.8,0.1964,30.75409029
FALSE,70130,70130,2434.571009,0.1396,0.511,0.295,3.3,0.2217,256.6661914
FALSE,54465,54465,150.7658768,0.0473,0.514,0.25,2.9,0.2112,73.44165978
FALSE,54774,54774,78.31944346,0.0753,0.502,0.407,3,0.2213,36.51367437
FALSE,80690,80690,1286.559712,0.196,0.495,0.336,2.6,0.2884,371.7932829
FALSE,61822,61822,107.6018152,0.218,0.502,0.31,3.7,0.1697,16.17547151
FALSE,59039,59039,59.41180951,0.0603,0.511,0.167,3.3,0.1554,33.87591253
FALSE,51535,51535,210.6324549,0.0055,0.483,0.198,3.2,0.2137,38.8085767
FALSE,92661,92661,528.0778108,0.2843,0.507,0.248,2.8,0.2251,107.9202685
FALSE,56945,56945,70.57749592,0.0785,0.504,0.104,3.9,0.1426,17.56080428
FALSE,87610,87610,1189.78305,0.1378,0.495,0.102,2.4,0.2174,11.41422212
FALSE,58307,58307,16.63460917,0.1582,0.501,0.089,2.9,0.1941,17.15059941
FALSE,79941,79941,1563.337114,0.1127,0.498,0.188,2.5,0.2436,287.7121877
FALSE,112482,112482,22.51681883,0.1381,0.488,0.115,2.4,0.1773,17.78062268
FALSE,80196,80196,10.40993167,0.1943,0.492,0.129,2.9,0.2146,12.46944985
FALSE,62541,62541,7.976885916,0.088,0.493,0.084,4.2,0.2158,31.97902176
FALSE,79505,79505,317.5690582,0.1881,0.495,0.122,2.4,0.2103,12.57782529
FALSE,64388,64388,73.1779894,0.2221,0.504,0.109,3,0.1778,31.06168851
FALSE,71835,71835,451.6928087,0.1114,0.497,0.187,3,0.2259,41.7623721
FALSE,73574,73574,47.99138747,-0.0012,0.501,0.023,2.3,0.1596,40.77527387
FALSE,56948,56948,52.54970518,-0.0467,0.513,0.022,2.9,0.1502,52.67963756
FALSE,50942,50942,46.22386201,-0.0411,0.501,0.017,3,0.1621,39.26033528
FALSE,76483,76483,305.2193716,0.0441,0.511,0.025,1.8,0.2066,209.196815
FALSE,65056,65056,77.95728619,0.0335,0.502,0.017,2.3,0.1922,30.74274471
FALSE,60555,60555,55.27935013,0.035,0.5,0.018,3.1,0.1904,66.05565189
FALSE,48826,48826,38.99934802,-0.0072,0.499,0.017,4.2,0.1678,20.48089133
FALSE,51903,51903,62.58301329,-0.0593,0.505,0.016,2.8,0.1622,38.53341811
FALSE,65879,65879,84.99155308,-0.0193,0.503,0.02,2.3,0.172,106.2554076
FALSE,52068,52068,53.76509764,-0.0543,0.511,0.024,2.6,0.1658,38.41130829
FALSE,61843,61843,56.80377413,-0.0292,0.51,0.018,2.1,0.1689,80.84989409
FALSE,47335,47335,71.89385445,-0.0262,0.513,0.091,3.5,0.1584,21.12601669
FALSE,86332,86332,151.7001573,0.0948,0.521,0.058,2.5,0.1919,23.16638095
FALSE,53341,53341,33.35899986,-0.0935,0.511,0.016,3.4,0.148,18.74730507
FALSE,54609,54609,47.71000378,0.059,0.515,0.019,3.5,0.1802,18.31199985
FALSE,118986,118986,9118.426118,0.1234,0.499,0.156,1.9,0.3273,16.80870018
FALSE,66591,66591,104.9067689,0.1307,0.508,0.024,2.9,0.1535,60.06817738
FALSE,74178,74178,61.74958703,0.0081,0.503,0.018,2.5,0.1505,13.48108604
FALSE,81641,81641,833.4620845,0.1036,0.518,0.095,2.7,0.1901,12.24874757
FALSE,79739,79739,138.7138284,0.1125,0.501,0.116,2.6,0.1855,25.08182947
FALSE,127898,127898,2935.097156,0.0573,0.504,0.165,2.3,0.2067,86.00603606
FALSE,103827,103827,110.0040312,0.0845,0.506,0.092,2.4,0.173,19.26281218
FALSE,52277,52277,41.39898007,0.0298,0.496,0.03,2.6,0.1518,19.12887121
FALSE,61878,61878,81.17017609,-0.0021,0.508,0.029,2.9,0.1487,32.32166521
FALSE,53111,53111,46.9952021,-0.0339,0.506,0.018,3.3,0.1651,18.82849127
FALSE,71715,71715,171.4729095,0.0131,0.508,0.038,2.6,0.1802,13.94408422
FALSE,100444,100444,84.40559316,0.0857,0.509,0.031,2.8,0.1529,9.955796265
FALSE,68975,68975,1415.585138,0.0722,0.526,0.06,2.8,0.2153,43.49401957
FALSE,41908,41908,132.2325506,-0.0711,0.519,0.058,3.3,0.1546,23.8617925
FALSE,78749,78749,117.5779121,0.0496,0.51,0.034,2.8,0.1718,25.3971479
FALSE,92773,92773,537.2410259,0.1243,0.517,0.061,2.7,0.1585,10.7789982
FALSE,85657,85657,149.3909907,0.1212,0.494,0.058,2.6,0.1988,11.6744691
FALSE,73035,73035,62.59742061,0.0707,0.511,0.029,2.7,0.1998,13.69206545
FALSE,151806,151806,802.1126501,0.2448,0.504,0.139,2.3,0.2008,151.509163
FALSE,64135,64135,75.74249446,0.1181,0.505,0.033,2.7,0.1791,31.18422078
FALSE,66397,66397,41.35236355,-0.0035,0.516,0.032,2.2,0.1602,15.06092143
FALSE,58740,58740,254.6031926,0.042,0.483,0.035,2.8,0.193,51.07252298
FALSE,55804,55804,31.70820803,-0.006,0.517,0.043,2.8,0.1469,53.75958713
FALSE,45235,45235,55.33712644,-0.058,0.521,0.095,4.4,0.151,22.10677573
FALSE,45913,45913,48.44906995,-0.0408,0.459,0.048,2.8,0.204,21.78032366
FALSE,52877,52877,76.89090769,-0.0059,0.505,0.022,3.8,0.1679,18.91181421
FALSE,94293,94293,113.9492969,0.0542,0.483,0.023,2.5,0.1706,10.60524111
FALSE,106208,106208,1398.13378,0.1453,0.5,0.245,2.5,0.2104,47.07743296
FALSE,54086,54086,106.3815818,-0.0248,0.499,0.018,3.4,0.1709,18.48907296
FALSE,79086,79086,27.68314258,-0.0004,0.508,0.044,2.5,0.1398,25.28892598
FALSE,71742,71742,375.9650005,0.0192,0.518,0.033,2.5,0.1743,13.93883639
FALSE,67242,67242,96.51319183,0.0688,0.509,0.074,2.4,0.1783,14.87165759
FALSE,59087,59087,85.72731418,0.0372,0.509,0.074,2.5,0.1718,33.84839305
FALSE,41964,41964,66.76010361,-0.0699,0.511,0.02,3.7,0.1654,23.82994948
FALSE,90262,90262,339.2686353,0.1014,0.508,0.107,2.9,0.1929,22.15771864
FALSE,109090,109090,568.4275495,0.1565,0.495,0.142,2.8,0.2049,27.50022917
FALSE,69878,69878,188.1526246,0.0645,0.502,0.053,2.8,0.1906,14.31065571
FALSE,52387,52387,95.79749543,-0.0211,0.507,0.016,3.3,0.1602,38.17741043
FALSE,54885,54885,78.53950954,0.0311,0.512,0.069,3.5,0.1681,18.21991437
FALSE,42372,42372,92.71830333,-0.1088,0.479,0.012,4.6,0.1955,23.60049089
FALSE,102589,102589,10609.43635,0.1221,0.518,0.166,2.1,0.3173,29.24290129
FALSE,37678,37678,1288.096519,-0.064,0.528,0.025,3.8,0.1937,53.08137375
FALSE,58717,58717,4616.722016,0.0802,0.516,0.058,2.4,0.27,102.1850571
FALSE,77361,77361,718.4125587,0.0924,0.511,0.066,2.9,0.217,12.92640995
FALSE,36073,36073,932.6873806,-0.0752,0.541,0.047,5,0.1803,55.44312921
FALSE,106430,106430,3849.815676,0.0605,0.508,0.176,2.1,0.207,18.79169407
FALSE,137849,137849,7312.156078,0.1563,0.508,0.106,2,0.1906,14.50862901
FALSE,62121,62121,2781.226054,0.1636,0.538,0.109,3.4,0.2171,64.39046377
FALSE,37229,37229,770.2669903,-0.1095,0.533,0.163,3.3,0.1676,26.86078057
FALSE,55816,55816,2616.264369,-0.0218,0.52,0.062,3.8,0.2226,71.66403899
FALSE,48189,48189,3043.747847,0.0774,0.519,0.207,3.2,0.1996,62.25487144
FALSE,84405,84405,4157.979962,0.0794,0.497,0.381,2.5,0.2224,71.08583615
FALSE,53022,53022,2608.274878,-0.0083,0.518,0.094,3.5,0.2385,18.86009581
FALSE,52437,52437,4485.254989,-0.0003,0.479,0.085,3.5,0.2622,133.4935256
FALSE,40240,40240,1366.910867,-0.0343,0.542,0.051,5.6,0.2214,49.70178926
FALSE,98217,98217,801.1359927,0.0099,0.499,0.033,2.4,0.1697,10.1815368
FALSE,50411,50411,2805.03967,-0.012,0.521,0.047,3.9,0.2378,39.6738807
FALSE,50949,50949,3853.122649,0.1138,0.526,0.073,3.3,0.2935,333.6670003
FALSE,45534,45534,2329.378319,0.0213,0.523,0.067,3,0.2214,43.92322221
FALSE,54888,54888,1752.510909,0.0197,0.524,0.036,2.8,0.1742,54.65675557
FALSE,54296,54296,1248.1602,0.0476,0.54,0.033,2.7,0.2036,73.67025195
FALSE,77847,77847,230.1733272,0.0817,0.514,0.047,3,0.2051,12.84571018
FALSE,78491,78491,1807.008385,0.0266,0.509,0.085,2.7,0.2371,140.1434559
FALSE,44619,44619,1504.754305,0.0718,0.521,0.087,2.9,0.2081,22.41197696
FALSE,56569,56569,1657.503879,0.0592,0.54,0.071,3.9,0.1563,35.35505312
FALSE,60254,60254,3041.048413,0.0668,0.508,0.183,2.8,0.2054,49.78922561
FALSE,54776,54776,35.49440203,0.0425,0.511,0.044,4.1,0.1696,18.25617059
FALSE,72847,72847,120.2026137,0.1429,0.499,0.226,5.2,0.2066,123.5466114
FALSE,59838,59838,26.43360355,0.0615,0.499,0.282,4.9,0.1888,183.8296735
FALSE,57571,57571,44.48582518,0.0766,0.506,0.066,6.6,0.1606,34.7397127
FALSE,80407,80407,776.2128699,0.1288,0.506,0.102,4.7,0.2026,273.6080192
FALSE,56338,56338,4.587689336,-0.0233,0.512,0.079,5.5,0.1533,17.75000888
FALSE,57316,57316,97.00076746,0.074,0.505,0.093,6,0.1861,52.34140554
FALSE,57152,57152,36.47416527,0.0881,0.492,0.422,6.9,0.1991,52.49160134
FALSE,59346,59346,39.46368795,0.0302,0.489,0.103,7.1,0.1769,50.55100597
FALSE,72173,72173,408.4500285,0.0779,0.502,0.082,5,0.1992,41.56679091
FALSE,60556,60556,17.86383545,0.0729,0.511,0.038,5.6,0.13,49.5409208
TRUE,102338,102338,1064.860184,0.1427,0.497,0.099,2.8,0.2671,996.697219
FALSE,79268,79268,687.3760891,0.0749,0.489,0.082,4.6,0.2151,164.0006055
FALSE,59172,59172,20.86606238,0.1464,0.495,0.09,5.5,0.1801,33.79977016
FALSE,60567,60567,11.98356448,0.094,0.494,0.117,5.8,0.1656,33.02128222
FALSE,58525,58525,33.58870186,0.0651,0.499,0.105,6.2,0.1818,34.17343016
FALSE,60849,60849,4.734485352,0.0337,0.491,0.036,5,0.1401,16.43412381
FALSE,63689,63689,69.5922628,0.0909,0.481,0.106,6.3,0.1803,31.40259699
FALSE,44777,44777,8.018826199,0.0266,0.495,0.207,6.8,0.1692,66.99868236
FALSE,50521,50521,24.0935048,0.069,0.503,0.101,6.9,0.1446,19.79374913
FALSE,78779,78779,542.0638895,0.1213,0.501,0.114,5.1,0.2303,406.1996217
FALSE,69113,69113,101.0953627,0.1031,0.517,0.068,3.7,0.1322,57.87623168
FALSE,67551,67551,74.63307307,0.0952,0.505,0.186,5.4,0.1909,133.2326687
FALSE,69163,69163,7.297921032,0.0842,0.491,0.068,5.5,0.1639,43.37579342
FALSE,89119,89119,393.8550444,0.1323,0.498,0.106,3,0.2286,347.8495046
FALSE,59976,59976,296.4058667,0.0987,0.504,0.061,5.2,0.2189,416.8334
FALSE,55000,55000,18.45332386,0.0479,0.501,0.038,7,0.1474,54.54545455
FALSE,77890,77890,402.4261698,0.1317,0.511,0.094,4.8,0.2182,89.87032995
FALSE,61123,61123,17.04034172,0.1136,0.501,0.057,6.7,0.1201,16.36045351
FALSE,60202,60202,47.83766058,0.0326,0.491,0.217,4.9,0.1906,99.66446297
FALSE,68656,68656,108.8099477,0.1226,0.506,0.098,5,0.202,218.4805407
FALSE,45906,45906,23.20607293,0.1063,0.491,0.065,4.3,0.1931,21.78364484
FALSE,55674,55674,58.40509234,0.0305,0.5,0.502,7,0.1974,233.5021734
FALSE,42125,42125,327.1854472,-0.0476,0.512,0.014,4.2,0.1823,23.7388724
FALSE,41430,41430,64.10097498,-0.0857,0.497,0.012,5.7,0.1673,24.13709872
FALSE,53909,53909,161.6699679,-0.0274,0.508,0.017,4.4,0.1838,18.54977833
FALSE,75225,75225,272.5976101,0.0638,0.504,0.063,3.1,0.179,53.1738119
FALSE,48334,48334,197.5671788,-0.0839,0.518,0.012,4.6,0.1816,20.6893698
FALSE,41794,41794,140.2362331,-0.0597,0.52,0.012,5.7,0.1712,23.92687946
FALSE,55652,55652,293.3161511,0.0892,0.486,0.022,3.6,0.2357,71.87522461
FALSE,40023,40023,37.87119835,-0.0709,0.507,0.008,6.3,0.163,24.98563326
FALSE,50390,50390,391.3343413,-0.0732,0.516,0.013,4.5,0.1722,39.69041476
FALSE,39454,39454,8.770754368,-0.0572,0.488,0.017,5.7,0.1603,50.69194505
FALSE,45386,45386,121.1875424,-0.0749,0.498,0.017,4.7,0.1832,44.06645221
FALSE,46285,46285,27.59981187,-0.0247,0.48,0.011,6,0.1798,43.21054337
FALSE,47222,47222,16.32523477,-0.0442,0.491,0.009,5.2,0.1674,63.52971073
FALSE,49209,49209,228.0292688,-0.0412,0.515,0.012,5.1,0.1739,40.64297181
FALSE,47202,47202,14.89136727,-0.0382,0.498,0.03,4.8,0.162,21.18554299
FALSE,54372,54372,52.44398182,-0.0138,0.5,0.026,4,0.1666,36.78363864
FALSE,58065,58065,10.17415011,0.0015,0.492,0.022,5.6,0.1319,17.2220787
FALSE,65494,65494,499.4109962,0.0625,0.504,0.09,3.1,0.2024,137.417168
FALSE,58407,58407,19.40190729,-0.0427,0.49,0.023,4.2,0.16,17.12123547
FALSE,80354,80354,157.3957692,0.0223,0.496,0.045,2.8,0.1774,24.88986236
FALSE,60713,60713,64.12111391,0.0347,0.48,0.019,3.8,0.1912,65.88374813
FALSE,69219,69219,75.15326003,0.0121,0.489,0.037,3.1,0.185,43.34070125
FALSE,51919,51919,28.26726948,-0.0318,0.481,0.018,4.3,0.1579,19.26077159
FALSE,77828,77828,456.6297957,0.1072,0.503,0.065,2.4,0.2312,321.2211543
FALSE,64217,64217,57.40510978,-0.0042,0.505,0.035,3.8,0.1357,31.14440102
FALSE,55651,55651,33.08704,-0.0234,0.499,0.017,4.2,0.1902,35.93825807
FALSE,61506,61506,53.36752519,0.0333,0.498,0.021,3.5,0.1723,32.5171528
FALSE,64972,64972,164.0263142,0.0565,0.505,0.027,3.1,0.2028,61.56498184
FALSE,65905,65905,143.7044943,0.0171,0.508,0.054,2.9,0.1824,15.17335559
FALSE,56418,56418,44.85246096,0.0045,0.481,0.018,3.2,0.1624,17.72483959
FALSE,64319,64319,63.29233146,0.0032,0.503,0.031,2.9,0.1705,46.64251621
TRUE,64319,64319,63.29233146,0.0032,0.503,0.031,2.9,0.1705,46.64251621
FALSE,67390,67390,31.04985706,-0.0004,0.497,0.02,2.9,0.168,29.67799377
FALSE,57247,57247,20.89964767,0.0094,0.465,0.037,3.9,0.1827,34.93632854
FALSE,71098,71098,152.3323641,0.0128,0.5,0.073,3.1,0.1817,42.19527975
FALSE,66460,66460,623.4089489,0.0185,0.505,0.135,4,0.1949,45.13993379
FALSE,59758,59758,261.278853,0.0286,0.512,0.021,2.9,0.191,133.8732889
FALSE,59128,59128,26.30258149,-0.0103,0.494,0.043,2.7,0.1638,16.9124611
FALSE,60728,60728,31.39231808,-0.0417,0.493,0.017,3.7,0.153,16.46686866
FALSE,61326,61326,134.0747129,-0.0312,0.5,0.044,3.4,0.1633,32.61259498
FALSE,66092,66092,87.8275036,0.012,0.498,0.03,2.9,0.1852,60.52169703
FALSE,54404,54404,28.83487798,-0.0347,0.497,0.02,4.6,0.1538,18.3810014
FALSE,53505,53505,3917.639456,-0.0021,0.516,0.156,4,0.2339,579.3851042
FALSE,60296,60296,51.34794888,0.0342,0.493,0.049,3,0.1827,16.58484808
FALSE,62765,62765,31.98199412,-0.0113,0.498,0.017,4.3,0.1479,31.86489285
FALSE,66994,66994,294.7109359,0.0596,0.5,0.046,3,0.2029,44.78012956
FALSE,90446,90446,382.7962433,0.0317,0.508,0.031,2.9,0.1578,22.1126418
FALSE,75368,75368,74.51703535,0.0406,0.502,0.023,3.4,0.1692,26.5364611
FALSE,63910,63910,47.90461748,-0.0096,0.496,0.019,4.1,0.1576,31.2940072
FALSE,58248,58248,88.38997901,0.0106,0.495,0.034,3.3,0.1765,85.83985716
TRUE,58248,58248,88.38997901,0.0106,0.495,0.034,3.3,0.1765,85.83985716
FALSE,61691,61691,590.4072469,0.0046,0.504,0.136,4.1,0.1835,48.62945973
FALSE,51295,51295,29.43268885,-0.0446,0.495,0.025,3.2,0.1476,19.49507749
FALSE,61624,61624,227.4675482,0.0185,0.507,0.091,3.7,0.1869,32.45488771
FALSE,87098,87098,125.5480536,0.0699,0.5,0.026,3.4,0.1849,68.88791936
FALSE,63752,63752,77.55667937,0.0383,0.502,0.054,2.9,0.1834,15.68578241
FALSE,53908,53908,13.16943781,0.0001,0.488,0.029,4.8,0.1366,18.55012243
FALSE,58982,58982,45.79662888,-0.0257,0.496,0.029,3.2,0.1609,16.95432505
FALSE,62108,62108,225.597293,-0.0014,0.496,0.067,2.7,0.1795,64.40394152
FALSE,61687,61687,40.45077186,0.0281,0.494,0.09,3.6,0.1698,32.42174202
FALSE,56272,56272,38.93736443,0.034,0.496,0.016,3.3,0.1498,17.77082741
FALSE,55576,55576,25.91045571,0.0345,0.492,0.028,4.3,0.1193,17.99337844
FALSE,64682,64682,187.1067341,0.0158,0.5,0.112,3.3,0.1589,46.38075508
FALSE,81928,81928,315.841775,0.0305,0.503,0.033,2.9,0.1684,24.41167855
FALSE,91070,91070,735.4751135,0.0354,0.508,0.049,2.9,0.1697,76.86395081
FALSE,59643,59643,395.6551059,0.0286,0.497,0.044,3,0.1975,100.5985614
FALSE,57325,57325,92.04076075,-0.024,0.508,0.032,3.8,0.1694,17.44439599
FALSE,52216,52216,9.097205324,0.0664,0.482,0.097,3.1,0.2146,57.45365405
FALSE,83997,83997,9.648929385,0.0045,0.486,0.089,3.7,0.2256,35.71556127
FALSE,61626,61626,1.873992254,-0.0733,0.468,0.185,3.3,0.2081,16.22691721
FALSE,72481,72481,3.248502955,-0.0008,0.489,0.084,2.7,0.1849,27.59343828
FALSE,57953,57953,4.275021249,-0.022,0.497,0.07,4.4,0.1799,34.51072421
FALSE,52344,52344,2.201994719,-0.0904,0.495,0.045,3.5,0.1473,19.10438637
FALSE,57224,57224,2.032905384,-0.0147,0.496,0.05,3.6,0.1576,17.47518524
FALSE,69613,69613,37.04514519,0.078,0.493,0.149,3.5,0.2158,43.09539885
FALSE,66104,66104,14.95369594,0.0552,0.496,0.087,3.9,0.2172,15.1276776
FALSE,59494,59494,4.205369055,0.0339,0.502,0.055,4,0.17,50.42525297
FALSE,64030,64030,12.07808421,0.0449,0.499,0.044,3.5,0.1762,46.85303764
FALSE,80639,80639,4.061036293,-0.0346,0.485,0.16,3.9,0.215,24.80189486
FALSE,98837,98837,5.872784534,0.0925,0.483,0.151,2.7,0.2542,40.47067394
FALSE,70756,70756,9.718132827,-0.0441,0.495,0.093,3.9,0.1873,14.13307705
