median_HHI_2019,bach_deg_pct_14to18,pop_density_per_mile,change_in_pop_decade,perc_female,perc_hispanic,brewery_per_1M_people,unemployment_rate,perc_age_25_39,LargestList
59871,31.3,140.4178178,0.18,0.52,0.05,13.43881308,2.7,0.17,FALSE
54127,32.4,592.627754,0.00,0.53,0.04,13.66591099,2.9,0.21,FALSE
68609,41.7,465.2099008,0.10,0.51,0.05,26.81619376,2.5,0.21,FALSE
49492,22.9,336.0974757,0.00,0.53,0.03,9.680307834,3.7,0.2,FALSE
52307,30.3,158.3916838,0.07,0.52,0.04,14.32972702,2.7,0.21,FALSE
82512,35.3,168.9463672,-0.01,0.49,0.09,41.66666667,5.1,0.25,FALSE
74076,32.6,13.19790701,-0.01,0.46,0.08,30.97605551,5.4,0.26,FALSE
85419,39.5,11.83375889,0.02,0.49,0.07,93.82623381,4.4,0.23,FALSE
68625,23.3,3.652055438,0.06,0.48,0.04,51.10036111,6.8,0.19,FALSE
48650,23,20.42301835,-0.04,0.49,0.36,23.82427217,5.7,0.19,FALSE
58301,35.6,7.705939427,0.06,0.51,0.14,62.72826117,5.5,0.2,FALSE
68634,32,487.537422,0.15,0.51,0.31,12.48491221,4,0.21,FALSE
49712,12.9,15.94017437,0.06,0.49,0.17,28.277744,5.7,0.15,FALSE
56150,31.9,113.9953082,0.06,0.51,0.38,18.14225245,4.4,0.19,FALSE
54242,25.2,28.94060798,0.10,0.51,0.15,29.77469066,4.4,0.14,FALSE
41950,18.3,75.65088592,0.01,0.52,0.03,71.54440523,4,0.14,FALSE
70775,32.4,329.425496,0.21,0.50,0.17,32.24177029,2.6,0.23,FALSE
45786,20.2,146.6343849,0.03,0.52,0.06,30.18533798,3.7,0.17,FALSE
52684,34.1,515.8332269,0.02,0.52,0.06,28.06759698,3.4,0.21,FALSE
52158,32.8,253.9231777,0.15,0.50,0.17,41.80829226,2.4,0.22,FALSE
107589,46,2261.556906,0.10,0.51,0.22,23.33472344,2.9,0.25,FALSE
58394,26.5,133.9387851,0.00,0.51,0.17,31.9363463,5.1,0.19,FALSE
106555,41.7,1611.211601,0.09,0.51,0.26,12.13670086,3.1,0.2,FALSE
86202,33.7,112.9134724,0.06,0.50,0.13,88.15461282,3.5,0.16,FALSE
56926,20.7,167.6909213,0.07,0.50,0.54,13.01169752,7.2,0.22,FALSE
51134,29.8,37.99285143,0.01,0.50,0.12,81.14607769,3.6,0.2,FALSE
53245,16.1,110.6998646,0.07,0.49,0.55,6.665170706,7.7,0.23,FALSE
46897,15.8,51.24380802,0.00,0.50,0.22,46.59398006,5,0.17,FALSE
72721,31.8,2473.975846,0.02,0.51,0.49,12.25208577,4.4,0.23,FALSE
61105,14.5,73.61811902,0.04,0.52,0.59,25.42475227,6.9,0.21,FALSE
112069,58.8,497.4495777,0.02,0.51,0.16,34.77239535,2.3,0.14,FALSE
52309,24.7,24.74059155,-0.01,0.50,0.26,57.63755202,4,0.17,FALSE
76509,24.5,132.3116691,0.04,0.49,0.59,9.215294624,6.2,0.21,FALSE
90230,34.9,184.0606551,0.01,0.50,0.35,87.11813219,2.8,0.19,FALSE
69550,36.6,104.1531805,0.01,0.51,0.10,30.07368052,3.3,0.15,FALSE
95761,39.9,4016.975137,0.05,0.51,0.34,17.31905991,2.8,0.21,FALSE
97688,38.6,283.1033774,0.13,0.51,0.14,32.6363383,3.1,0.18,FALSE
72905,21.8,342.8228483,0.11,0.50,0.50,13.3573712,4.2,0.21,FALSE
71891,30.4,1608.943818,0.09,0.51,0.24,19.97348037,3.7,0.23,FALSE
67398,20.3,108.6948068,0.07,0.50,0.54,11.46744278,3.8,0.22,FALSE
83576,38.1,793.5877413,0.07,0.50,0.34,47.62860472,3.2,0.24,FALSE
121795,57.1,18807.18111,0.09,0.49,0.15,41.97157503,2.2,0.33,FALSE
68458,18.4,547.786925,0.10,0.50,0.42,10.49664894,5.9,0.21,FALSE
76599,34.6,85.82848249,0.05,0.49,0.23,84.77240376,2.9,0.17,FALSE
135234,49.9,1709.543541,0.06,0.51,0.24,15.65408643,2,0.23,FALSE
74530,33.8,163.2486742,0.05,0.50,0.46,49.27222681,3.7,0.2,FALSE
132444,51.3,1494.343074,0.08,0.49,0.25,14.00522447,2.5,0.24,FALSE
85770,40,613.7273401,0.04,0.51,0.34,43.92177532,4.7,0.18,FALSE
61464,22.2,47.69823187,0.02,0.51,0.11,16.65926255,4.7,0.19,FALSE
45954,22.5,6.935295267,-0.03,0.50,0.13,91.8716553,6.5,0.16,FALSE
85704,26.2,544.7335917,0.08,0.50,0.27,22.33923015,3.7,0.22,FALSE
87084,34.9,313.6950304,0.02,0.51,0.27,64.73329881,2.7,0.19,FALSE
62761,16.9,368.3770764,0.07,0.50,0.48,5.448007845,6,0.21,FALSE
56776,14.3,96.63644759,0.05,0.50,0.66,6.435075451,9.6,0.21,FALSE
91446,33.1,459.0043149,0.03,0.51,0.43,17.73037071,3.6,0.2,FALSE
70951,41.6,217.3079633,0.09,0.52,0.32,40.81632653,4.1,0.2,FALSE
75341,23.6,443.1290803,0.15,0.49,0.41,19.32662184,2.9,0.24,FALSE
38213,26.1,22.46337403,0.05,0.50,0.48,184.808723,3.6,0.2,FALSE
82364,42.2,822.6913921,0.13,0.50,0.20,30.46040908,2.7,0.23,FALSE
88341,60.8,449.1270004,0.10,0.50,0.14,122.6256606,2.4,0.21,FALSE
106892,55.5,2133.105285,0.21,0.50,0.13,70.9572128,2.4,0.23,FALSE
60331,33.5,20.08677693,0.13,0.47,0.10,147.3766948,2.4,0.19,FALSE
79900,46.5,24.54285765,0.06,0.47,0.08,309.2783505,2.5,0.18,FALSE
51525,21.2,27.28602075,0.01,0.50,0.15,96.27109942,3.3,0.15,FALSE
75456,47.9,4753.013072,0.17,0.50,0.29,99.00840334,2.7,0.33,FALSE
123697,57.9,417.9170911,0.19,0.50,0.09,31.32528748,2.4,0.19,FALSE
89268,48.1,32.72544864,0.05,0.47,0.30,54.41979429,2.2,0.24,FALSE
72675,37.9,338.7260961,0.14,0.50,0.18,36.09091023,3.3,0.23,FALSE
73788,30,20.37649407,0.06,0.49,0.29,49.94921829,2.7,0.21,FALSE
71029,37.8,8.521770214,0.06,0.47,0.10,190.6698869,2.1,0.21,FALSE
60408,55.3,5.391003674,0.12,0.46,0.10,171.8016264,2.1,0.22,FALSE
89696,44.1,762.725593,0.08,0.50,0.16,51.46848156,2.5,0.23,FALSE
77829,43.9,33.22600968,0.09,0.50,0.13,106.7216876,2.5,0.21,FALSE
75332,46.3,137.4802485,0.16,0.50,0.12,89.66122068,2.4,0.21,FALSE
60249,27.4,46.32358198,0.05,0.51,0.15,38.90798262,3.4,0.2,FALSE
52641,28.6,12.90103556,0.02,0.51,0.13,190.9636023,4.2,0.17,FALSE
50707,23.9,19.08247218,0.03,0.51,0.21,93.54974508,3.1,0.16,FALSE
72836,48.6,9.143397348,0.10,0.49,0.07,807.7544426,2.9,0.14,FALSE
51075,22,70.58535588,0.06,0.51,0.43,23.74958438,4.1,0.2,FALSE
87691,50.4,10.85424123,0.08,0.48,0.07,117.0138076,2.2,0.22,FALSE
86570,51,50.97491937,0.10,0.45,0.15,225.7263552,1.8,0.28,FALSE
70599,34,45.57539202,0.08,0.49,0.07,157.5547503,3.1,0.15,FALSE
78160,26.7,81.38265135,0.22,0.49,0.30,40.06262096,2.5,0.23,FALSE
96966,47.4,1509.596889,0.03,0.51,0.21,16.96115472,3.6,0.18,FALSE
75336,37.8,1213.064398,0.00,0.51,0.19,21.30713677,3.9,0.2,FALSE
81015,35.1,195.8948901,-0.05,0.51,0.07,38.8170773,3.5,0.16,FALSE
81721,41.5,439.8471707,-0.02,0.51,0.07,30.78135389,3.2,0.17,FALSE
69687,34.9,1413.97604,-0.01,0.52,0.19,22.22853981,3.9,0.2,FALSE
75226,33.3,398.8791929,-0.03,0.50,0.11,37.70653756,3.6,0.19,FALSE
63309,24.1,227.6851689,-0.01,0.50,0.12,34.25185388,4,0.19,FALSE
58804,23.6,308.414324,0.10,0.52,0.07,22.12560707,4.2,0.2,FALSE
76076,35.9,1310.746776,0.04,0.52,0.10,16.10729607,3.7,0.21,FALSE
64839,26.5,250.2192657,0.16,0.52,0.09,46.9633899,3.8,0.15,FALSE
90395,57.6,11560.5589,0.15,0.53,0.11,24.08788394,5.5,0.32,FALSE
49880,42.5,307.4706864,0.08,0.52,0.11,22.30126783,2.9,0.22,FALSE
58376,22.8,230.3420488,0.03,0.50,0.07,17.1718039,3.9,0.2,FALSE
57582,29.3,592.6585958,0.10,0.51,0.11,19.93547551,3.2,0.17,FALSE
61429,31.9,1614.152928,0.10,0.51,0.31,7.169273722,3,0.2,FALSE
76415,36.2,192.6124092,0.16,0.51,0.29,10.39225569,3.1,0.14,FALSE
58339,29.2,1256.579707,0.10,0.52,0.11,20.88216715,3.3,0.24,FALSE
52822,26.4,484.8970464,0.07,0.51,0.06,15.70766157,3.2,0.21,FALSE
61133,32.7,1442.803177,0.16,0.51,0.30,11.54916411,3.1,0.23,FALSE
61173,28.3,318.0192972,0.14,0.52,0.13,18.75902778,3.8,0.14,FALSE
57660,22.7,391.2248863,0.19,0.52,0.17,10.89567932,3.2,0.17,FALSE
62364,27.8,982.2361134,0.20,0.51,0.23,10.38183076,3.1,0.16,FALSE
55081,45.7,440.2506103,0.06,0.53,0.07,17.03101689,3.1,0.2,FALSE
64151,29.3,542.7866114,0.20,0.52,0.17,14.87899656,3.1,0.16,FALSE
54991,28.8,1431.689462,0.08,0.51,0.69,6.625100297,2.4,0.21,FALSE
67528,33.3,75.49004253,0.02,0.48,0.25,67.36002587,2.1,0.18,FALSE
72818,28.2,136.6322407,0.17,0.51,0.05,45.13399154,2.9,0.17,FALSE
63520,30.6,226.539833,0.14,0.49,0.10,18.98091469,2.7,0.23,FALSE
63133,33.8,1542.403443,0.18,0.51,0.33,13.63520236,2.9,0.24,FALSE
66621,35.7,759.8731421,0.12,0.52,0.23,10.0215798,3.3,0.18,FALSE
55745,23.4,741.6754364,0.16,0.51,0.17,10.83136112,3.5,0.17,FALSE
56708,31,3560.991822,0.06,0.52,0.10,37.94887364,3,0.18,FALSE
51817,20,403.1383268,0.17,0.51,0.25,5.518938929,3.7,0.19,FALSE
90839,43.7,440.6389691,0.28,0.51,0.08,18.89130698,2.6,0.16,FALSE
57292,20.3,574.0200655,0.15,0.51,0.20,9.138067055,3.9,0.17,FALSE
66258,34.7,780.2967611,0.13,0.52,0.10,13.83310816,3.1,0.13,FALSE
69954,38.2,1525.853677,0.10,0.52,0.23,14.83597767,2.9,0.22,FALSE
53554,23.6,502.514005,0.11,0.51,0.15,9.036950282,3.4,0.17,FALSE
57122,33.2,678.7169031,0.08,0.52,0.07,20.73040113,3.3,0.23,FALSE
41036,42.7,1076.602349,0.09,0.53,0.11,31.16939789,3.6,0.23,FALSE
79622,46.5,2238.678365,0.09,0.52,0.13,13.15545405,3,0.22,FALSE
63606,43.4,2837.623607,0.09,0.53,0.09,9.219053941,3.4,0.24,FALSE
47980,21.3,67.71772044,0.10,0.52,0.03,114.5562853,3.3,0.13,FALSE
79235,51.4,2020.255015,0.13,0.52,0.07,23.49763191,3.5,0.25,FALSE
72225,36.1,2175.387968,0.14,0.51,0.22,6.408544726,3,0.2,FALSE
86946,34.3,1622.262765,0.02,0.50,0.10,12.31321115,2.6,0.22,FALSE
77375,26.6,144.1360079,0.08,0.50,0.12,17.91932719,2.6,0.19,FALSE
72295,37.8,457.5318077,0.19,0.50,0.09,37.3764242,2.5,0.22,FALSE
75778,38.2,8.708247055,0.07,0.50,0.24,173.7543982,2.6,0.17,FALSE
62764,24.9,133.1835627,0.16,0.51,0.05,36.2106737,3.6,0.19,FALSE
54999,45.1,37.27523151,0.07,0.49,0.05,74.79804528,2.7,0.2,FALSE
64041,30.1,3.108733352,0.13,0.48,0.05,263.3426966,3.9,0.16,FALSE
53485,44.4,210.4749133,0.04,0.50,0.06,23.84483688,3.8,0.2,FALSE
69375,38,5448.102559,-0.01,0.51,0.26,16.50410768,3.8,0.24,FALSE
96354,48.8,2818.087994,0.01,0.51,0.15,22.7538435,2.9,0.19,FALSE
84311,33.1,1023.737737,0.03,0.50,0.32,16.90448777,4.4,0.19,FALSE
92638,45,1569.939369,-0.01,0.50,0.22,24.40652659,4.1,0.17,FALSE
89379,33.7,510.2599429,0.00,0.50,0.14,19.49482412,3.3,0.18,FALSE
69230,44.8,144.9384727,0.01,0.52,0.05,23.32130343,3.8,0.19,FALSE
66591,25.8,367.4854873,-0.02,0.51,0.03,11.40831895,3.9,0.2,FALSE
57717,30.4,289.3675641,-0.04,0.52,0.05,16.7430335,5.1,0.2,FALSE
57772,23.2,331.7751546,-0.04,0.51,0.13,35.24129716,4.9,0.19,FALSE
57726,27.3,394.804176,-0.04,0.52,0.04,11.5524133,4.5,0.2,FALSE
61768,34.2,224.1984932,-0.01,0.52,0.02,25.68422783,4,0.19,FALSE
51786,19.3,78.82406917,-0.07,0.51,0.04,67.41876039,4.4,0.16,FALSE
90249,34,825.3511736,0.02,0.50,0.18,17.37259733,3.8,0.19,FALSE
59510,22.6,550.4341965,-0.04,0.51,0.14,21.23352632,5.7,0.19,FALSE
56838,28.2,577.0491155,0.06,0.51,0.08,21.09153992,3.1,0.21,FALSE
63869,22.2,100.0212981,0.02,0.50,0.09,70.19842756,2.4,0.17,FALSE
55782,19.2,445.4973336,0.04,0.51,0.17,19.38538633,3.1,0.19,FALSE
64614,29.5,530.78717,0.05,0.52,0.04,50.94113752,3.2,0.2,FALSE
107710,57.8,857.3149668,0.19,0.51,0.04,38.4602868,2.5,0.2,FALSE
85827,36.3,418.5460703,0.15,0.50,0.04,23.48644539,2.7,0.2,FALSE
74427,31.8,493.6132099,0.12,0.51,0.04,25.28972542,2.7,0.21,FALSE
57280,22.1,973.0079104,-0.02,0.52,0.20,24.71714319,4.9,0.19,FALSE
56427,17.9,183.6673636,-0.01,0.49,0.07,36.40069889,4.3,0.2,FALSE
50707,30.4,2433.981499,0.06,0.52,0.11,29.02811788,3.3,0.24,FALSE
53113,45.6,376.2423671,0.07,0.50,0.04,53.89709697,3.3,0.2,FALSE
74064,28.2,407.4800372,0.04,0.51,0.10,23.47569385,3.7,0.19,FALSE
53881,29.2,593.7009938,0.02,0.51,0.09,22.07294372,3.6,0.2,FALSE
51228,37.7,391.615947,0.12,0.49,0.09,20.43610651,2.9,0.2,FALSE
60010,28.6,231.9462537,0.00,0.51,0.05,30.48129972,3.2,0.19,FALSE
54589,22.7,74.69475448,-0.04,0.51,0.05,70.67137809,2.7,0.17,FALSE
62481,30.5,159.9707384,0.04,0.51,0.03,41.10532211,2.6,0.19,FALSE
67295,53,246.1403166,0.13,0.50,0.06,33.08191081,2,0.22,FALSE
64783,33,316.239817,0.07,0.51,0.03,35.28799414,2.9,0.2,FALSE
67331,36.1,854.2441116,0.12,0.51,0.09,26.52189791,2.8,0.23,FALSE
65724,31.9,377.5314404,0.04,0.51,0.07,34.69351174,3.3,0.2,FALSE
64151,51.1,169.5425074,0.08,0.48,0.04,41.18743371,1.9,0.19,FALSE
62559,50.4,268.187711,0.09,0.50,0.07,32.71742776,2.9,0.21,FALSE
91913,55.3,1272.566147,0.10,0.51,0.08,6.640095219,2.8,0.21,FALSE
51996,46,121.7375047,0.04,0.47,0.08,40.4138377,2.8,0.23,FALSE
60014,30.9,517.3291148,0.03,0.51,0.15,19.37826766,3.5,0.21,FALSE
59451,30.8,325.128305,-0.01,0.52,0.13,22.61484099,3.3,0.19,FALSE
66520,33.5,618.5000132,0.03,0.51,0.02,53.4279364,3.5,0.21,FALSE
58981,42.9,1139.267193,0.08,0.51,0.07,34.03970887,3.3,0.22,FALSE
59025,32.7,2015.575055,0.03,0.52,0.06,26.08388316,4,0.21,FALSE
56303,34.7,966.3683039,0.00,0.52,0.04,6.817267685,4.4,0.21,FALSE
60053,32.1,909.4596606,0.09,0.51,0.05,12.27546135,4.3,0.23,FALSE
45092,36.8,2302.780614,0.12,0.53,0.06,33.32103018,4.9,0.25,FALSE
71526,33.5,307.9873361,0.10,0.51,0.06,11.51989678,4.2,0.18,FALSE
58958,22.2,231.3972051,0.01,0.51,0.02,46.17785864,3,0.19,FALSE
75254,46.7,353.1950659,0.05,0.52,0.02,115.2530652,2.4,0.2,FALSE
58926,32.3,34.65072944,0.01,0.52,0.02,127.302817,3.5,0.16,FALSE
55358,27.1,140.9782323,0.00,0.51,0.02,49.05888702,2.9,0.18,FALSE
55910,31,108.9243949,0.00,0.50,0.02,150.8599014,2.9,0.16,FALSE
58619,32.7,75.98208057,0.01,0.51,0.01,115.4934457,3,0.15,FALSE
50344,19,27.91500549,0.00,0.51,0.02,51.74644243,3.6,0.16,FALSE
50702,27.1,44.784159,-0.01,0.50,0.02,78.87057339,3.2,0.19,FALSE
45333,16.5,12.86412226,-0.03,0.50,0.01,59.42476824,4.5,0.16,FALSE
51073,29.6,54.41022142,0.02,0.51,0.02,151.0764195,3.2,0.16,FALSE
66803,31.4,209.5874385,0.05,0.51,0.02,48.16004546,2.7,0.18,FALSE
100916,40.9,1396.074254,0.07,0.51,0.08,8.632089967,3.1,0.21,FALSE
76972,38.6,1382.863504,0.03,0.53,0.06,10.87784184,3.7,0.2,FALSE
111056,31.1,434.0799054,0.04,0.50,0.04,43.23155904,3.2,0.18,FALSE
101810,35.6,376.3379841,0.01,0.51,0.04,17.80975618,2.9,0.18,FALSE
102951,40.6,393.1213942,0.10,0.51,0.11,42.38153398,3.2,0.2,FALSE
91492,35.8,584.4141582,0.04,0.51,0.05,11.74439499,3.3,0.19,FALSE
121329,61.4,1298.910031,0.12,0.51,0.07,12.28161749,2.7,0.19,FALSE
110012,59,2138.787674,0.08,0.52,0.20,10.46933057,2.9,0.2,FALSE
85357,32.7,1883.869805,0.05,0.52,0.20,5.498572021,3.8,0.22,FALSE
101350,34.9,135.4662981,0.05,0.50,0.04,79.39501002,3.1,0.16,FALSE
54351,26.8,276.7009219,0.05,0.53,0.06,38.60668475,4.6,0.18,FALSE
65821,30.4,111.6338267,0.02,0.52,0.04,57.38771138,7.4,0.15,FALSE
49780,31.2,7332.106147,-0.05,0.53,0.06,26.9591737,5.1,0.26,FALSE
82686,42.8,540.9640788,-0.01,0.52,0.03,28.17033664,3.9,0.14,FALSE
58805,33.4,134.8086208,-0.05,0.52,0.05,48.02151364,3.5,0.16,FALSE
69857,28,1021.914821,0.03,0.52,0.09,14.15385595,3.7,0.19,FALSE
83253,39.4,1601.89458,0.06,0.52,0.22,22.81270516,3,0.19,FALSE
60143,37.2,100.3547737,-0.02,0.51,0.04,113.9925905,2.7,0.18,FALSE
59918,27.2,755.698869,0.01,0.52,0.26,19.29789953,4.1,0.2,FALSE
74142,46.5,305.0326692,0.02,0.53,0.06,93.26618168,2.7,0.16,FALSE
106543,55.2,1970.733061,0.07,0.51,0.08,18.61389751,2.3,0.23,FALSE
106851,53,1784.31224,0.05,0.52,0.05,14.14877436,2.5,0.2,FALSE
90584,36.7,790.8083299,0.05,0.51,0.04,23.0237029,3,0.17,FALSE
75843,44.8,13823.76105,0.10,0.52,0.23,17.41494974,2.6,0.31,FALSE
77795,35.9,549.8004329,0.04,0.51,0.12,27.69009248,3.1,0.19,TRUE
66568,22.7,143.0884201,0.06,0.50,0.08,59.28134077,3.1,0.18,FALSE
50659,27.7,270.1925329,-0.02,0.51,0.06,104.3017973,4,0.18,FALSE
50205,21.2,189.9642186,-0.01,0.51,0.06,44.7230525,4.1,0.18,FALSE
58831,31,62.79258008,0.01,0.51,0.02,114.7534713,4.6,0.15,FALSE
49610,21,23.96593986,-0.03,0.45,0.02,80.3234357,6.3,0.2,FALSE
49114,18.8,25.21931401,0.00,0.49,0.02,285.1236724,5.6,0.15,FALSE
65891,26.8,191.7120876,0.02,0.51,0.06,45.34407081,3.4,0.19,FALSE
59456,33.7,71.47685318,0.02,0.51,0.02,149.6333982,5.4,0.17,FALSE
50554,20.9,637.0920771,-0.05,0.52,0.04,14.78513503,4.9,0.18,FALSE
65041,35.1,200.4776765,0.07,0.51,0.03,118.1677552,3.4,0.19,FALSE
45006,33.2,35.36223899,-0.03,0.46,0.02,112.0950566,4.9,0.15,FALSE
54704,38.5,525.7965907,0.04,0.51,0.08,23.93931725,3.5,0.2,FALSE
59582,16.1,113.2444373,0.01,0.46,0.05,61.82666893,3.4,0.21,FALSE
46677,29.2,122.0094399,-0.01,0.51,0.04,42.93565377,3.8,0.18,FALSE
56001,21.4,225.9052028,-0.01,0.49,0.04,31.54375118,3.8,0.19,FALSE
56739,38.1,471.9348785,0.06,0.51,0.05,71.68026077,3.3,0.2,FALSE
66560,35.2,775.6733589,0.08,0.51,0.11,60.88697095,2.9,0.23,FALSE
72888,42.8,62.68092669,0.00,0.51,0.05,183.815082,3.7,0.13,FALSE
55466,20.9,131.3459319,-0.01,0.50,0.08,30.47201146,3.9,0.18,FALSE
87827,34.8,339.6614619,0.06,0.50,0.03,31.25081382,3.3,0.17,FALSE
65051,24.5,1823.727158,0.04,0.51,0.03,12.58621558,4.2,0.2,FALSE
54913,31.5,36.8828595,-0.01,0.50,0.02,104.9490997,4.8,0.17,FALSE
47705,21.9,78.28367902,0.02,0.50,0.02,69.04011231,4.7,0.16,FALSE
50730,19.1,347.6562656,0.01,0.51,0.06,23.04598827,4.3,0.19,FALSE
81257,46.4,1449.392218,0.04,0.51,0.04,24.65044085,3.4,0.2,FALSE
69827,33.5,517.9185294,0.10,0.51,0.10,68.53305006,2.8,0.19,FALSE
48471,21.1,238.1398151,-0.05,0.51,0.09,20.99307753,4.8,0.18,FALSE
60208,18.3,220.6525507,-0.02,0.50,0.04,18.85274747,4.9,0.17,FALSE
58733,20.9,124.5765251,-0.01,0.50,0.12,145.3545992,4.6,0.17,FALSE
76728,55.2,520.7071172,0.06,0.50,0.05,54.40681609,2.9,0.21,FALSE
50753,23.3,2858.029996,-0.04,0.52,0.06,14.86272275,5.1,0.2,FALSE
83363,29.7,843.7649228,0.07,0.50,0.05,28.01740441,3.1,0.2,FALSE
101891,48.1,296.5892895,0.13,0.50,0.04,28.54723139,2.8,0.18,FALSE
60384,24.3,65.1139281,0.04,0.50,0.02,92.22965183,4.3,0.17,FALSE
89075,41.8,763.1544307,0.07,0.51,0.08,20.97799408,2.9,0.2,FALSE
82323,49.2,2286.603287,0.09,0.51,0.07,33.96945751,2.8,0.25,FALSE
80631,44,242.2793943,0.09,0.51,0.05,31.58699374,2.6,0.22,FALSE
59901,25.1,29.78903364,0.02,0.50,0.04,51.06730671,4.2,0.15,FALSE
68652,41.9,3615.490237,0.08,0.51,0.08,41.79378944,3,0.24,FALSE
72438,27.5,135.1102719,0.04,0.49,0.09,44.79483963,3.1,0.18,FALSE
60228,28.7,31.86445051,-0.01,0.50,0.02,55.25694479,4,0.18,FALSE
108718,39.3,418.0169212,0.13,0.50,0.05,46.97576721,2.7,0.19,FALSE
66449,27.8,119.9248325,0.06,0.50,0.04,31.04144032,3.2,0.18,FALSE
100857,43.2,682.9359689,0.09,0.51,0.05,22.86236854,2.8,0.18,FALSE
91374,28.4,209.2002957,0.10,0.49,0.03,21.67990345,3.3,0.19,FALSE
58029,46,263.2905076,0.10,0.52,0.04,16.62390629,2.4,0.22,FALSE
70705,32.7,629.1197036,0.11,0.51,0.07,20.00416087,2.9,0.22,FALSE
45313,30.2,434.006018,0.06,0.51,0.04,23.88377473,2.7,0.2,FALSE
57907,30.9,1163.03589,0.04,0.52,0.09,31.29396268,3.7,0.23,FALSE
89236,37.8,717.3392097,0.10,0.51,0.03,9.949704245,2.5,0.2,FALSE
70161,43.2,1957.867271,0.00,0.53,0.03,10.05828778,3.1,0.19,FALSE
46309,35,4855.126072,-0.06,0.52,0.04,66.53891196,3.9,0.28,FALSE
51732,26,30.15612874,0.00,0.50,0.05,49.16058304,3.4,0.21,FALSE
61334,29.9,20.40348608,0.12,0.50,0.03,86.70019074,4.7,0.19,FALSE
73731,49,43.96760427,0.22,0.48,0.04,131.0799238,2.3,0.24,FALSE
66075,38.6,20.07385161,0.09,0.51,0.03,72.01290471,3,0.19,FALSE
57279,42.5,46.11663962,0.09,0.50,0.03,83.61204013,3.2,0.23,FALSE
51740,32.4,5.924233597,0.06,0.50,0.03,180.6575936,3.4,0.18,FALSE
57209,27.1,18.32257622,0.08,0.50,0.04,91.31169246,4,0.15,FALSE
49249,26.4,48.59584928,0.02,0.50,0.05,85.92295575,3.8,0.18,FALSE
61435,31,61.25407949,0.08,0.51,0.06,43.39739616,3.2,0.21,FALSE
67264,38.9,1739.43767,0.09,0.51,0.13,19.2534223,3.3,0.23,FALSE
61383,38.8,380.9811497,0.11,0.50,0.07,34.47303269,2.8,0.21,FALSE
62131,23.9,287.2375112,0.14,0.50,0.32,7.499840077,4,0.22,FALSE
71733,30.5,74.81618808,0.11,0.50,0.25,42.41610624,3.2,0.22,FALSE
64495,33.6,52.53146679,0.02,0.51,0.02,122.6742997,2.5,0.14,FALSE
65326,32.6,107.6684686,-0.01,0.51,0.02,78.85917066,2.6,0.18,FALSE
62468,40.5,52.60339582,0.01,0.51,0.03,77.87642124,2.2,0.18,FALSE
82862,37.3,475.9804095,0.04,0.50,0.07,26.37731551,2.6,0.2,FALSE
75800,35.6,162.0687366,0.03,0.51,0.02,59.44871227,2.3,0.19,FALSE
91416,40.7,445.8904307,0.05,0.51,0.03,58.10781582,2.7,0.18,FALSE
71486,35.6,354.0429568,0.06,0.51,0.03,22.9651007,2.3,0.2,FALSE
62678,27.4,474.4792192,-0.04,0.52,0.19,18.96309781,5.1,0.18,FALSE
107971,48.3,4000.712419,0.03,0.51,0.21,5.36364436,2.9,0.18,FALSE
88443,37.5,557.6789185,-0.01,0.51,0.09,17.96343991,3.3,0.19,FALSE
73168,31.8,2288.999968,-0.01,0.52,0.18,15.79557369,4,0.21,FALSE
66565,31.5,366.0694044,-0.06,0.51,0.08,65.18975652,7.2,0.15,FALSE
64522,34.8,6330.420245,0.02,0.52,0.24,7.509621703,4.5,0.21,FALSE
87996,31.9,905.6877999,0.01,0.51,0.07,24.00252369,3.7,0.19,FALSE
117275,52,290.7093888,-0.03,0.51,0.07,32.16183837,2.8,0.15,FALSE
79475,42,1636.243804,0.00,0.51,0.19,8.16482051,3.2,0.19,FALSE
92770,42.7,2670.846902,0.02,0.51,0.22,4.848120505,3.1,0.2,FALSE
102579,44.9,1319.974914,-0.02,0.51,0.11,19.39252903,3.2,0.16,FALSE
116328,53.6,1068.816999,0.00,0.51,0.14,8.132643414,2.8,0.17,FALSE
75627,29.2,965.6557689,0.05,0.52,0.10,8.234708969,3.7,0.16,FALSE
79953,35.1,5408.98352,0.04,0.51,0.33,7.189835011,3.7,0.2,FALSE
83998,31.8,294.93329,-0.03,0.51,0.10,28.49895979,3.3,0.17,FALSE
56148,33.9,585.0315464,0.02,0.51,0.50,42.70225777,4.4,0.22,FALSE
42754,20.5,3.177437295,-0.15,0.49,0.49,251.2352399,4.7,0.16,FALSE
43618,27.5,57.30646609,0.04,0.51,0.69,22.9152822,5.7,0.19,FALSE
63671,15.9,13.99996073,0.08,0.49,0.51,51.31713992,3.1,0.21,FALSE
71118,30,39.54778812,0.10,0.51,0.40,40.88641753,4.8,0.19,FALSE
61791,40.9,78.74562562,0.04,0.52,0.51,59.85714096,3.9,0.17,FALSE
43032,28,14.85309404,-0.01,0.51,0.57,91.67863582,6,0.16,FALSE
69408,41.3,584.3604869,0.00,0.52,0.06,19.63954881,3.6,0.2,FALSE
41470,19.8,33689.82801,0.02,0.53,0.56,2.820462739,5.4,0.23,FALSE
58055,22.3,110.7258431,-0.05,0.49,0.03,65.29460928,4.3,0.19,FALSE
50143,21.7,119.6942916,-0.06,0.51,0.08,39.40017178,4.7,0.17,FALSE
84564,35.2,369.7924915,-0.01,0.50,0.13,37.38724347,3.6,0.18,FALSE
60620,33.7,881.0858038,0.00,0.52,0.06,21.76984485,4.3,0.2,FALSE
55091,27.6,20.557588,-0.07,0.48,0.03,244.0016267,4.7,0.18,FALSE
48943,19.4,30.7049393,-0.03,0.45,0.04,79.96481548,4.9,0.21,FALSE
54746,22.1,72.91539509,-0.04,0.48,0.06,84.76731372,4.5,0.17,FALSE
53829,22.3,86.57958836,-0.06,0.48,0.08,45.52324417,5.6,0.23,FALSE
66501,36.5,36148.65285,0.02,0.53,0.19,7.42215623,4.1,0.26,FALSE
61713,27,108.3330025,-0.04,0.51,0.02,84.57732482,4.5,0.16,FALSE
62159,37.7,1128.673702,0.00,0.52,0.09,25.61440878,4.2,0.2,FALSE
117767,45.2,4765.886006,0.01,0.51,0.18,5.158726649,3.4,0.18,FALSE
93007,60.8,71343.72947,0.03,0.53,0.26,3.069921766,3.5,0.3,FALSE
56371,23.8,400.6459159,-0.03,0.51,0.03,14.33479389,5,0.18,FALSE
56516,24.7,188.6056833,-0.03,0.50,0.06,17.49237988,4.3,0.18,FALSE
61597,35.5,591.641722,-0.01,0.52,0.05,39.08557134,3.9,0.19,FALSE
66754,34.5,170.4439769,0.02,0.51,0.05,100.2031391,3.9,0.17,FALSE
83188,29.8,474.2474307,0.03,0.50,0.22,25.97807451,3.8,0.18,FALSE
52414,30.9,59.39203354,-0.05,0.52,0.04,67.23480073,4.2,0.15,FALSE
72975,31.5,20766.76003,0.01,0.52,0.28,7.098938797,3.5,0.23,FALSE
70688,30.1,243.2655714,0.00,0.51,0.05,31.50320703,3.8,0.21,FALSE
86624,33,8157.323968,0.02,0.51,0.19,6.300628173,3.9,0.2,FALSE
99831,40.6,1877.205416,0.04,0.51,0.18,9.208414035,3.6,0.17,FALSE
89071,41.4,283.7870872,0.04,0.51,0.03,34.80333938,3.4,0.18,FALSE
64960,31.4,759.3489018,0.00,0.51,0.07,25.75676598,3.8,0.2,FALSE
58927,22.3,49.85212739,-0.06,0.50,0.03,96.7773154,4.7,0.16,FALSE
52215,22.3,54.23457283,-0.03,0.50,0.02,449.2615264,4.7,0.17,FALSE
51064,20.9,105.083332,-0.04,0.48,0.04,146.9896519,3.8,0.2,FALSE
53167,23.1,68.59040141,-0.04,0.50,0.02,83.8759056,4.6,0.18,FALSE
105241,35.6,1618.989508,-0.01,0.51,0.20,18.28523752,3.7,0.18,FALSE
58851,23.2,77.91499506,-0.03,0.49,0.17,39.7709195,4,0.18,FALSE
59176,52.7,215.2748663,0.01,0.51,0.05,58.71990605,3.6,0.18,FALSE
64090,32.2,157.9500727,-0.03,0.50,0.11,84.47230153,3.8,0.19,FALSE
63240,30,73.7572553,-0.03,0.51,0.03,109.4707869,4.6,0.18,FALSE
56897,20.4,73.63471867,-0.03,0.48,0.03,49.01640416,4.1,0.18,FALSE
101741,48.2,2247.416358,0.02,0.52,0.26,12.40302386,3.8,0.18,FALSE
58214,16.5,67.24465454,-0.06,0.46,0.03,75.26531022,4.4,0.21,FALSE
60612,24.4,73.67593001,-0.02,0.51,0.02,160.5587444,3.7,0.16,FALSE
57963,24,399.8391293,0.11,0.53,0.13,17.69817532,3.8,0.18,FALSE
55448,39.2,397.7495614,0.09,0.52,0.07,126.3443227,3,0.21,FALSE
47890,16.6,178.4365578,0.00,0.50,0.07,33.15466652,3.7,0.18,FALSE
72071,31.2,598.3513431,0.18,0.51,0.11,18.47976235,3.6,0.2,FALSE
60058,28.4,137.2303462,0.04,0.51,0.04,57.57632462,4.2,0.16,FALSE
70258,41.3,109.1639365,0.15,0.52,0.12,40.28467839,3.4,0.14,FALSE
42764,19.2,62.824696,0.04,0.51,0.03,104.8511114,4.5,0.14,FALSE
46599,25,514.3358653,0.05,0.50,0.12,14.90272988,5.1,0.24,FALSE
65541,47.5,1124.182184,0.17,0.52,0.14,24.88428806,3.4,0.26,FALSE
53054,33.8,936.657781,0.08,0.53,0.13,26.15781007,3.7,0.19,FALSE
56542,20.6,630.6516079,0.08,0.52,0.08,22.26883832,3.9,0.2,FALSE
55820,35.3,831.919889,0.09,0.53,0.08,27.92391292,4.1,0.2,FALSE
51612,25,112.5481315,0.05,0.52,0.04,64.1879423,3.4,0.17,FALSE
61651,31.8,314.733507,0.09,0.52,0.10,51.09992591,3.3,0.16,FALSE
68308,27.5,316.8273696,0.12,0.51,0.08,16.50110557,3.6,0.18,FALSE
46279,24.2,69.5518254,0.05,0.52,0.07,83.66333872,3.9,0.15,FALSE
69455,44.8,2119.639128,0.17,0.52,0.14,31.52142196,3.6,0.25,FALSE
57252,39.3,1224.18474,0.14,0.52,0.06,59.70836727,3.6,0.19,FALSE
74314,57.6,373.0946482,0.10,0.52,0.09,53.88076187,3.3,0.18,FALSE
52961,31.8,277.2222861,0.07,0.53,0.07,16.59824501,4.2,0.2,FALSE
48637,16.8,134.8883619,-0.03,0.51,0.11,41.79262499,3.7,0.16,FALSE
55628,31.5,90.83872263,0.04,0.52,0.03,145.4122437,3.7,0.14,FALSE
86138,34.8,379.8121991,0.16,0.51,0.12,12.50734807,3.5,0.16,FALSE
84377,51.8,1331.101184,0.19,0.51,0.10,32.38106032,3.3,0.22,FALSE
51630,41.6,179.7341916,0.09,0.50,0.04,71.20351745,3.5,0.16,FALSE
63977,39.4,103.0762005,0.18,0.50,0.03,16.49049323,2,0.25,FALSE
43621,29.7,129.7205311,0.01,0.50,0.02,76.53803175,5.3,0.18,FALSE
68611,29.8,820.3170498,0.04,0.51,0.05,23.49047592,3.8,0.18,FALSE
68724,28,456.5980978,0.04,0.51,0.02,19.37721627,3.7,0.19,FALSE
52503,31.9,2701.435505,-0.04,0.52,0.06,35.62545341,4.2,0.21,FALSE
110252,54.4,472.0784115,0.17,0.50,0.03,19.12256128,3.1,0.17,FALSE
71782,27.2,312.3920771,0.07,0.50,0.02,31.73112315,3.7,0.19,FALSE
64648,39.3,2474.230911,0.12,0.51,0.06,28.85880148,3.5,0.26,FALSE
69709,39,408.3276734,0.04,0.51,0.03,17.75809917,3.7,0.2,FALSE
60251,37.1,2013.926733,0.02,0.52,0.04,41.59158773,3.8,0.22,FALSE
65040,27.9,1011.675085,0.00,0.51,0.05,26.07006765,3.7,0.18,FALSE
66321,26.2,259.1384615,0.06,0.51,0.02,45.23300652,3.7,0.18,FALSE
59201,24,630.8946632,0.03,0.51,0.10,9.682635484,4.3,0.17,FALSE
49924,26.3,1256.686861,-0.03,0.52,0.07,23.34550412,4.7,0.2,FALSE
48018,24.1,555.5641934,-0.04,0.51,0.07,17.49146198,5.7,0.18,FALSE
78540,33.3,426.5873675,0.04,0.51,0.02,33.38043684,3.4,0.17,FALSE
67075,16.7,89.03035794,0.01,0.50,0.02,72.86505392,2.6,0.18,FALSE
54704,27.4,1151.952214,-0.01,0.52,0.03,26.33128137,4.2,0.2,FALSE
63352,22.4,158.9733129,-0.02,0.50,0.05,98.70450339,5.6,0.15,FALSE
55623,22.8,644.2285462,-0.01,0.51,0.02,21.58626682,4.5,0.18,FALSE
57753,32.1,1310.758623,0.00,0.52,0.02,35.11930397,4.3,0.2,FALSE
91645,42.3,584.5846395,0.09,0.50,0.03,21.31269128,3.5,0.18,FALSE
64706,32.5,527.1565021,0.10,0.50,0.09,14.08381277,2.8,0.22,FALSE
56272,31.8,1125.017811,0.10,0.51,0.18,13.79424504,3.1,0.23,FALSE
57668,31.2,1142.58057,0.07,0.51,0.13,16.88276607,3.2,0.22,FALSE
69148,53.6,137.664382,0.08,0.50,0.08,96.71907408,2.9,0.19,FALSE
80539,36.8,223.5909111,0.10,0.51,0.09,38.26039547,3.4,0.19,FALSE
59339,24.6,48.51824199,0.08,0.51,0.09,248.6077963,3.7,0.18,FALSE
71880,34.2,65.50027069,0.20,0.51,0.08,126.4593408,3.9,0.2,FALSE
48940,17.2,22.03700302,0.03,0.51,0.06,63.07442782,4.9,0.17,FALSE
68835,31.6,44.79748021,0.04,0.50,0.32,256.6076469,3.2,0.19,FALSE
56367,27.4,79.37495599,0.08,0.51,0.14,45.26033746,4.4,0.19,FALSE
47533,17.2,53.35653315,0.05,0.51,0.08,68.58161784,5,0.16,FALSE
57212,29.6,83.91324716,0.08,0.51,0.09,44.49481374,4.1,0.2,FALSE
52276,24.1,50.99386077,0.08,0.52,0.10,80.06084624,4.3,0.15,FALSE
64058,22.8,294.1811311,0.09,0.50,0.27,25.87560161,3.9,0.21,FALSE
72469,44.5,1884.675757,0.10,0.51,0.12,98.41853713,3.3,0.28,FALSE
52298,21,24.5206697,0.07,0.50,0.11,147.9508803,3.9,0.16,FALSE
58286,16.2,24.24188519,0.03,0.48,0.28,38.48620911,4.8,0.21,FALSE
85665,43.7,830.6642917,0.12,0.51,0.17,29.92061065,3.1,0.24,FALSE
71815,26.5,149.610259,0.07,0.50,0.16,74.69654528,3.4,0.19,FALSE
64799,40.7,1665.643941,-0.01,0.52,0.02,32.07118158,4.1,0.22,FALSE
60323,23.7,377.0979407,-0.04,0.51,0.02,18.30060575,4.5,0.18,FALSE
67418,24.5,491.7233504,0.02,0.51,0.23,16.62060385,4.3,0.18,FALSE
93587,40.5,1039.653686,0.00,0.51,0.06,17.50839607,3.8,0.17,FALSE
72576,35.4,238.209545,0.02,0.50,0.02,37.26317919,3.9,0.17,FALSE
61036,44.7,146.3032054,0.05,0.47,0.03,30.79102134,3.3,0.19,FALSE
102233,51.8,699.5115309,0.05,0.51,0.08,36.19123448,3.2,0.18,FALSE
54377,22.5,134.4709672,-0.04,0.52,0.03,46.17942245,4.8,0.16,FALSE
49741,20.8,83.60087642,-0.05,0.51,0.01,82.7139633,4.7,0.17,FALSE
75269,35.8,464.5078732,0.07,0.51,0.04,19.73398587,3.4,0.2,FALSE
60763,30.5,530.0458816,0.04,0.52,0.10,32.3393185,4,0.2,FALSE
76783,38.3,3082.777152,0.01,0.52,0.04,7.057822979,4,0.2,FALSE
51923,27.7,337.5169241,-0.04,0.51,0.04,25.95207023,4.6,0.19,FALSE
62699,21,200.7539263,0.03,0.51,0.06,19.35146781,3.8,0.18,FALSE
67515,26.9,578.2138354,0.05,0.51,0.11,32.98370605,3.4,0.19,FALSE
61560,20.3,391.8741519,0.06,0.51,0.14,21.15760298,3.9,0.18,FALSE
65436,29.4,1069.972129,0.05,0.51,0.26,18.95385548,4.5,0.2,FALSE
53439,23.2,356.5149219,-0.01,0.51,0.14,18.90257926,5.7,0.19,FALSE
53762,22.8,92.21842203,-0.02,0.51,0.02,35.30481293,4.8,0.19,FALSE
54099,22.6,162.6941233,-0.07,0.51,0.02,45.69381489,4.9,0.16,FALSE
63012,24.4,279.9193143,0.00,0.50,0.17,17.61897211,5.4,0.17,FALSE
92340,48.7,1720.178453,0.04,0.51,0.05,21.66286564,3.5,0.19,FALSE
65534,32.8,139.9702093,0.00,0.52,0.03,219.4185409,3.6,0.2,FALSE
73780,29.2,825.8289127,0.02,0.51,0.14,29.48064923,4.5,0.18,FALSE
47598,28.6,11812.46971,0.04,0.53,0.15,11.99446487,5.5,0.26,FALSE
55951,16.2,181.5474279,-0.05,0.49,0.05,21.222561,5.4,0.18,TRUE
65558,29.5,241.3858288,0.00,0.51,0.02,14.50221159,4.5,0.17,FALSE
56265,20.4,70.7837884,-0.03,0.47,0.05,77.88010358,4.7,0.17,FALSE
59407,28.5,339.543226,-0.05,0.51,0.01,20.06311282,4.5,0.16,FALSE
69101,24.2,496.6461361,0.03,0.51,0.08,33.40325749,3.8,0.19,FALSE
74230,32.1,974.8647109,-0.01,0.52,0.06,18.26017092,3.2,0.2,FALSE
62165,28.1,1560.263442,0.02,0.51,0.24,14.08602807,3.9,0.22,FALSE
86450,45,381.4205659,-0.01,0.52,0.03,47.77945006,3.1,0.15,FALSE
73890,40.3,333.3830777,0.16,0.51,0.11,26.02512987,2.6,0.16,FALSE
70980,42.8,449.0895535,0.15,0.52,0.05,51.04446702,2.3,0.24,FALSE
64399,34.2,666.8305482,0.14,0.52,0.10,22.92079719,2.4,0.21,FALSE
53648,23.6,312.2693792,0.24,0.52,0.06,8.472637617,3.6,0.17,FALSE
62059,30.1,427.4494823,0.12,0.51,0.06,16.73640167,2.3,0.2,FALSE
52905,37.7,549.1699557,0.08,0.52,0.05,16.83667702,2.8,0.21,FALSE
55588,23.8,395.8097648,0.11,0.51,0.07,9.381303063,2.6,0.2,FALSE
68468,32,412.843174,0.20,0.52,0.06,10.67695451,2.8,0.2,FALSE
53902,34.7,32.30358672,0.07,0.50,0.04,116.081102,3.2,0.18,FALSE
63162,31.9,239.2798338,0.12,0.49,0.05,41.42201787,2.9,0.23,FALSE
58919,30.7,40.97706761,0.11,0.50,0.05,52.73566249,3.4,0.2,FALSE
59368,24,238.2075725,0.08,0.51,0.04,22.54147632,3.2,0.18,FALSE
63846,40.3,1377.179669,0.10,0.52,0.10,30.2530887,2.5,0.28,FALSE
57802,31.2,678.065966,0.09,0.52,0.06,27.18839382,3.2,0.21,FALSE
60316,36.7,925.4213276,0.08,0.51,0.05,34.01989739,2.9,0.2,FALSE
66434,21.8,157.2027831,0.16,0.52,0.06,31.12452924,3.2,0.21,FALSE
57606,27.2,387.6148278,0.18,0.50,0.10,19.13939701,3.8,0.26,FALSE
49083,25.4,200.0608323,0.10,0.50,0.07,49.84734251,3.5,0.19,FALSE
52659,31.1,1227.984706,0.01,0.53,0.07,10.6704682,4,0.22,FALSE
51303,22.8,383.0725053,0.01,0.51,0.02,18.94561346,3.7,0.17,FALSE
51879,32.4,396.2905671,0.05,0.51,0.04,30.9178744,3.5,0.18,FALSE
119637,59,409.221437,0.23,0.51,0.05,20.97209872,2.4,0.16,FALSE
58956,27.6,1616.003936,0.14,0.51,0.61,4.492017685,3.1,0.23,FALSE
83704,29.7,275.6601048,0.16,0.50,0.32,10.68764295,4.2,0.22,FALSE
54471,40.8,391.5158555,0.15,0.50,0.26,17.45116945,2.7,0.22,FALSE
62827,25.1,48.43310288,0.11,0.51,0.23,83.06510227,2.7,0.16,FALSE
96847,51.7,1230.027638,0.24,0.51,0.16,10.63079257,3.1,0.21,FALSE
87976,35.3,279.2058998,0.31,0.51,0.28,32.008399,3,0.18,FALSE
61807,30.7,3024.881812,0.10,0.51,0.41,11.00353783,3.5,0.24,FALSE
90910,44.5,1009.98939,0.25,0.51,0.20,9.017061407,3,0.23,FALSE
48629,22.8,828.7190689,0.05,0.51,0.83,3.574671309,3.8,0.22,FALSE
101361,46.1,942.2006986,0.28,0.51,0.25,6.160002365,3.5,0.2,FALSE
73214,30,904.2732016,0.15,0.51,0.25,11.69115476,4,0.2,FALSE
57439,20.5,146.0242452,0.11,0.51,0.14,22.02449123,3.1,0.18,FALSE
61638,31,2766.8834,0.13,0.50,0.44,5.728440114,3.8,0.24,FALSE
72890,37.4,339.5257663,0.32,0.50,0.40,34.75374797,2.8,0.22,FALSE
41656,18.4,553.0118756,0.11,0.51,0.93,4.604544455,6.2,0.2,FALSE
94899,40.9,71.59904174,0.30,0.51,0.25,105.4162889,2.7,0.16,FALSE
54733,29.1,346.7723836,0.10,0.51,0.36,12.87958553,2.8,0.21,FALSE
51078,23.7,247.4426309,0.08,0.51,0.27,11.69030056,3.3,0.19,FALSE
88833,34.7,583.0571115,0.25,0.51,0.25,13.17108749,3.4,0.2,FALSE
56079,21.5,432.0832171,0.06,0.51,0.65,13.80094619,4.1,0.21,FALSE
105763,40.3,825.8682578,0.25,0.51,0.19,38.12610208,3.1,0.19,FALSE
70130,31.5,2434.571009,0.14,0.51,0.30,8.561175545,3.3,0.22,FALSE
54465,24.5,150.7658768,0.05,0.51,0.25,28.97836765,2.9,0.21,FALSE
80690,48.6,1286.559712,0.20,0.50,0.34,23.54873096,2.6,0.29,FALSE
92661,41.1,528.0778108,0.28,0.51,0.25,16.93333853,2.8,0.23,FALSE
79941,34.5,1563.337114,0.11,0.50,0.19,19.82011949,2.5,0.24,FALSE
71835,23.8,451.6928087,0.11,0.50,0.19,11.52901661,3,0.23,FALSE
73574,36.7,47.99138747,0.00,0.50,0.02,81.57272208,2.3,0.16,FALSE
56948,35.7,52.54970518,-0.05,0.51,0.02,84.57851706,2.9,0.15,FALSE
76483,50.7,305.2193716,0.04,0.51,0.03,97.69560492,1.8,0.21,FALSE
60555,37.3,55.27935013,0.04,0.50,0.02,157.7162684,3.1,0.19,FALSE
65879,41.5,84.99155308,-0.02,0.50,0.02,119.8445445,2.3,0.17,FALSE
61843,36.3,56.80377413,-0.03,0.51,0.02,90.80672696,2.1,0.17,FALSE
66591,28.9,104.9067689,0.13,0.51,0.02,50.63483423,2.9,0.15,FALSE
127898,61.1,2935.097156,0.06,0.50,0.17,9.585789329,2.3,0.21,FALSE
68975,42.9,1415.585138,0.07,0.53,0.06,9.068430376,2.8,0.22,FALSE
151806,60.8,802.1126501,0.24,0.50,0.14,55.6176216,2.3,0.2,FALSE
58740,45.8,254.6031926,0.04,0.48,0.04,30.4460344,2.8,0.19,FALSE
55804,32.1,31.70820803,-0.01,0.52,0.04,200.9377093,2.8,0.15,FALSE
106208,40.1,1398.13378,0.15,0.50,0.25,10.63072066,2.5,0.21,FALSE
109090,39.8,568.4275495,0.16,0.50,0.14,19.6229772,2.8,0.2,FALSE
102589,62.1,10609.43635,0.12,0.52,0.17,18.81727175,2.1,0.32,FALSE
58717,52.6,4616.722016,0.08,0.52,0.06,126.9411416,2.4,0.27,FALSE
62121,42.1,2781.226054,0.16,0.54,0.11,137.760022,3.4,0.22,FALSE
55816,26.8,2616.264369,-0.02,0.52,0.06,29.73756598,3.8,0.22,FALSE
48189,36,3043.747847,0.08,0.52,0.21,56.58669081,3.2,0.2,FALSE
84405,29.7,4157.979962,0.08,0.50,0.38,146.0387003,2.5,0.22,FALSE
52437,28,4485.254989,0.00,0.48,0.09,28.83720164,3.5,0.26,FALSE
50949,38.5,3853.122649,0.11,0.53,0.07,73.77319516,3.3,0.29,FALSE
54888,29.1,1752.510909,0.02,0.52,0.04,118.5723884,2.8,0.17,FALSE
54296,34,1248.1602,0.05,0.54,0.03,160.436387,2.7,0.2,FALSE
78491,35.2,1807.008385,0.03,0.51,0.09,24.44585687,2.7,0.24,FALSE
60254,33.9,3041.048413,0.07,0.51,0.18,106.8452169,2.8,0.21,FALSE
72847,30,120.2026137,0.14,0.50,0.23,44.03346543,5.2,0.21,FALSE
59838,26.7,26.43360355,0.06,0.50,0.28,142.4870466,4.9,0.19,FALSE
80407,29.8,776.2128699,0.13,0.51,0.10,45.05971436,4.7,0.2,FALSE
57316,16.6,97.00076746,0.07,0.51,0.09,27.12649083,6,0.19,FALSE
57152,17.6,36.47416527,0.09,0.49,0.42,30.6958755,6.9,0.2,FALSE
59346,15.8,39.46368795,0.03,0.49,0.10,39.96749311,7.1,0.18,FALSE
72173,33,408.4500285,0.08,0.50,0.08,35.23566789,5,0.2,FALSE
60556,41.8,17.86383545,0.07,0.51,0.04,93.10697992,5.6,0.13,FALSE
102338,51.4,1064.860184,0.14,0.50,0.10,45.2773504,2.8,0.27,FALSE
79268,32.2,687.3760891,0.07,0.49,0.08,47.88689851,4.6,0.22,FALSE
44777,19,8.018826199,0.03,0.50,0.21,71.0176834,6.8,0.17,FALSE
78779,26.4,542.0638895,0.12,0.50,0.11,35.35989746,5.1,0.23,FALSE
69113,48.6,101.0953627,0.10,0.52,0.07,227.5054033,3.7,0.13,FALSE
67551,26.3,74.63307307,0.10,0.51,0.19,69.65674703,5.4,0.19,FALSE
69163,23.8,7.297921032,0.08,0.49,0.07,248.2827112,5.5,0.16,FALSE
89119,31.9,393.8550444,0.13,0.50,0.11,37.70908777,3,0.23,FALSE
59976,30.4,296.4058667,0.10,0.50,0.06,47.81961675,5.2,0.22,FALSE
55000,18.5,18.45332386,0.05,0.50,0.04,65.61249262,7,0.15,FALSE
77890,35.7,402.4261698,0.13,0.51,0.09,24.09339979,4.8,0.22,FALSE
60202,28.6,47.83766058,0.03,0.49,0.22,98.74917709,4.9,0.19,FALSE
68656,33.9,108.8099477,0.12,0.51,0.10,65.4316087,5,0.2,FALSE
55674,16,58.40509234,0.03,0.50,0.50,51.81904788,7,0.2,FALSE
75225,30.8,272.5976101,0.06,0.50,0.06,69.99615021,3.1,0.18,FALSE
55652,41.3,293.3161511,0.09,0.49,0.02,37.87448396,3.6,0.24,FALSE
47222,17.5,16.32523477,-0.04,0.49,0.01,438.6606229,5.2,0.17,FALSE
65494,29.6,499.4109962,0.06,0.50,0.09,34.02106282,3.1,0.2,FALSE
60713,20.1,64.12111391,0.03,0.48,0.02,61.86396115,3.8,0.19,FALSE
69219,23.2,75.15326003,0.01,0.49,0.04,52.14489328,3.1,0.19,FALSE
77828,50.7,456.6297957,0.11,0.50,0.07,45.7293372,2.4,0.23,FALSE
64972,31.8,164.0263142,0.06,0.51,0.03,38.22410794,3.1,0.2,FALSE
64319,23,63.29233146,0.00,0.50,0.03,81.16883117,2.9,0.17,FALSE
71098,24.8,152.3323641,0.01,0.50,0.07,35.39029598,3.1,0.18,FALSE
66460,25.7,623.4089489,0.02,0.51,0.14,17.69274774,4,0.19,FALSE
59758,34.3,261.278853,0.03,0.51,0.02,67.78741866,2.9,0.19,FALSE
66092,25.6,87.8275036,0.01,0.50,0.03,29.47852489,2.9,0.19,FALSE
53505,30.5,3917.639456,0.00,0.52,0.16,32.77905017,4,0.23,FALSE
66994,28.9,294.7109359,0.06,0.50,0.05,15.96721399,3,0.2,FALSE
58248,32,88.38997901,0.01,0.50,0.03,70.64940937,3.3,0.18,FALSE
61691,24.7,590.4072469,0.00,0.50,0.14,15.28187417,4.1,0.18,FALSE
87098,33.7,125.5480536,0.07,0.50,0.03,66.16163287,3.4,0.18,FALSE
62108,23.9,225.597293,0.00,0.50,0.07,34.6800763,2.7,0.18,FALSE
64682,28.3,187.1067341,0.02,0.50,0.11,28.8828128,3.3,0.16,FALSE
91070,43.8,735.4751135,0.04,0.51,0.05,17.31824502,2.9,0.17,FALSE
59643,27.3,395.6551059,0.03,0.50,0.04,34.90259268,3,0.2,FALSE
52216,49.9,9.097205324,0.07,0.48,0.10,77.16049383,3.1,0.21,FALSE
83997,19.2,9.648929385,0.00,0.49,0.09,64.73748948,3.7,0.23,FALSE
69613,28.7,37.04514519,0.08,0.49,0.15,30.15075377,3.5,0.22,FALSE
59494,32.1,4.205369055,0.03,0.50,0.06,102.7608413,4,0.17,FALSE
64030,30,12.07808421,0.04,0.50,0.04,98.40905363,3.5,0.18,FALSE
98837,57.4,5.872784534,0.09,0.48,0.15,170.4739175,2.7,0.25,FALSE
